version 1.00
434
[0.885585,0.205545,-0.122331][1.000000,0.000000,0.000000][0.000000,1.000000,0.000000][0.885585,0.099909,0.186367][1.000000,0.000000,0.000000][0.000000,1.000000,0.000000][0.885585,0.099909,-0.186367][1.000000,0.000000,0.000000][0.000000,1.000000,0.000000]
[0.885585,0.099909,0.186367][1.000000,0.000000,0.000000][0.000000,1.000000,0.000000][0.885585,0.205545,-0.122331][1.000000,0.000000,0.000000][0.000000,1.000000,0.000000][0.885585,0.205545,0.122331][1.000000,0.000000,0.000000][0.000000,1.000000,0.000000]
[0.422267,-0.063243,-0.172285][1.000000,0.000000,0.000000][0.000000,1.000000,0.000000][0.422267,-0.063243,0.172285][1.000000,0.000000,0.000000][0.000000,1.000000,0.000000][0.422267,-0.168879,-0.172285][1.000000,0.000000,0.000000][0.000000,1.000000,0.000000]
[0.422267,-0.168879,-0.172285][1.000000,0.000000,0.000000][0.000000,1.000000,0.000000][0.422267,-0.063243,0.172285][1.000000,0.000000,0.000000][0.000000,1.000000,0.000000][0.422267,-0.168879,0.172285][1.000000,0.000000,0.000000][0.000000,1.000000,0.000000]
[-1.569971,0.000230,0.016134][-1.000000,0.000000,0.000000][0.000000,1.000000,0.000000][-1.569971,0.105866,0.124387][-1.000000,0.000000,0.000000][0.000000,1.000000,0.000000][-1.569971,0.105866,0.016134][-1.000000,0.000000,0.000000][0.000000,1.000000,0.000000]
[-1.569971,0.105866,0.124387][-1.000000,0.000000,0.000000][0.000000,1.000000,0.000000][-1.569971,0.000230,0.016134][-1.000000,0.000000,0.000000][0.000000,1.000000,0.000000][-1.569971,0.000230,0.132884][-1.000000,0.000000,0.000000][0.000000,1.000000,0.000000]
[-1.569971,0.105866,0.124387][-1.000000,0.000000,0.000000][0.000000,1.000000,0.000000][-1.569971,0.000230,0.132884][-1.000000,0.000000,0.000000][0.000000,1.000000,0.000000][-1.569971,0.053048,0.150323][-1.000000,0.000000,0.000000][0.000000,1.000000,0.000000]
[-1.416556,0.236722,-0.092610][-0.844732,0.535190,0.000000][0.000000,1.000000,0.000000][-1.393133,0.273695,0.073398][-0.844732,0.535190,0.000000][0.000000,1.000000,0.000000][-1.393133,0.273695,-0.073398][-0.844732,0.535190,0.000000][0.000000,1.000000,0.000000]
[-1.393133,0.273695,0.073398][-0.844732,0.535190,0.000000][0.000000,1.000000,0.000000][-1.416556,0.236722,-0.092610][-0.844732,0.535190,0.000000][0.000000,1.000000,0.000000][-1.416556,0.236722,0.092610][-0.844732,0.535190,0.000000][0.000000,1.000000,0.000000]
[-1.393133,0.199751,-0.111820][-0.844732,-0.535190,0.000000][0.000000,1.000000,0.000000][-1.393133,0.199751,0.111820][-0.844732,-0.535190,0.000000][0.000000,1.000000,0.000000][-1.416556,0.236722,-0.092610][-0.844732,-0.535190,0.000000][0.000000,1.000000,0.000000]
[-1.416556,0.236722,-0.092610][-0.844732,-0.535190,0.000000][0.000000,1.000000,0.000000][-1.393133,0.199751,0.111820][-0.844732,-0.535190,0.000000][0.000000,1.000000,0.000000][-1.416556,0.236722,0.092610][-0.844732,-0.535190,0.000000][0.000000,1.000000,0.000000]
[-1.104679,0.236722,-0.092610][-0.844732,0.535190,0.000000][0.000000,1.000000,0.000000][-1.081256,0.273695,0.073398][-0.844732,0.535190,0.000000][0.000000,1.000000,0.000000][-1.081256,0.273695,-0.073398][-0.844732,0.535190,0.000000][0.000000,1.000000,0.000000]
[-1.081256,0.273695,0.073398][-0.844732,0.535190,0.000000][0.000000,1.000000,0.000000][-1.104679,0.236722,-0.092610][-0.844732,0.535190,0.000000][0.000000,1.000000,0.000000][-1.104679,0.236722,0.092610][-0.844732,0.535190,0.000000][0.000000,1.000000,0.000000]
[-1.081256,0.199751,-0.111820][-0.844732,-0.535190,0.000000][0.000000,1.000000,0.000000][-1.081256,0.199751,0.111820][-0.844732,-0.535190,0.000000][0.000000,1.000000,0.000000][-1.104679,0.236722,-0.092610][-0.844732,-0.535190,0.000000][0.000000,1.000000,0.000000]
[-1.104679,0.236722,-0.092610][-0.844732,-0.535190,0.000000][0.000000,1.000000,0.000000][-1.081256,0.199751,0.111820][-0.844732,-0.535190,0.000000][0.000000,1.000000,0.000000][-1.104679,0.236722,0.092610][-0.844732,-0.535190,0.000000][0.000000,1.000000,0.000000]
[0.149563,-0.168879,-0.172285][0.000000,-1.000000,0.000000][0.000000,1.000000,0.000000][0.422267,-0.168879,-0.172285][0.000000,-1.000000,0.000000][0.000000,1.000000,0.000000][0.422267,-0.168879,0.172285][0.000000,-1.000000,0.000000][0.000000,1.000000,0.000000]
[0.149563,-0.168879,-0.172285][0.000000,-1.000000,0.000000][0.000000,1.000000,0.000000][0.422267,-0.168879,0.172285][0.000000,-1.000000,0.000000][0.000000,1.000000,0.000000][0.149563,-0.168879,0.172285][0.000000,-1.000000,0.000000][0.000000,1.000000,0.000000]
[0.422267,-0.063243,-0.172285][0.000000,0.000000,-1.000000][0.000000,1.000000,0.000000][0.149563,-0.168879,-0.172285][0.000000,0.000000,-1.000000][0.000000,1.000000,0.000000][0.149563,-0.063243,-0.172285][0.000000,0.000000,-1.000000][0.000000,1.000000,0.000000]
[0.149563,-0.168879,-0.172285][0.000000,0.000000,-1.000000][0.000000,1.000000,0.000000][0.422267,-0.063243,-0.172285][0.000000,0.000000,-1.000000][0.000000,1.000000,0.000000][0.422267,-0.168879,-0.172285][0.000000,0.000000,-1.000000][0.000000,1.000000,0.000000]
[0.885585,0.205545,-0.122331][0.000000,0.518417,-0.855128][0.000000,1.000000,0.000000][0.287776,0.099909,-0.186367][0.000000,0.518417,-0.855128][0.000000,1.000000,0.000000][0.287776,0.205545,-0.122331][0.000000,0.518417,-0.855128][0.000000,1.000000,0.000000]
[0.287776,0.099909,-0.186367][0.000000,0.518417,-0.855128][0.000000,1.000000,0.000000][0.885585,0.205545,-0.122331][0.000000,0.518417,-0.855128][0.000000,1.000000,0.000000][0.885585,0.099909,-0.186367][0.000000,0.518417,-0.855128][0.000000,1.000000,0.000000]
[0.422267,-0.063243,0.172285][0.000000,0.000000,1.000000][0.000000,1.000000,0.000000][0.149563,-0.063243,0.172285][0.000000,0.000000,1.000000][0.000000,1.000000,0.000000][0.422267,-0.168879,0.172285][0.000000,0.000000,1.000000][0.000000,1.000000,0.000000]
[0.149563,-0.168879,0.172285][0.000000,0.000000,1.000000][0.000000,1.000000,0.000000][0.422267,-0.168879,0.172285][0.000000,0.000000,1.000000][0.000000,1.000000,0.000000][0.149563,-0.063243,0.172285][0.000000,0.000000,1.000000][0.000000,1.000000,0.000000]
[-1.081256,0.273695,-0.073398][0.000000,0.461079,-0.887359][0.000000,1.000000,0.000000][-1.081256,0.199751,-0.111820][0.000000,0.461079,-0.887359][0.000000,1.000000,0.000000][-1.104679,0.236722,-0.092610][0.000000,0.461079,-0.887359][0.000000,1.000000,0.000000]
[-1.081256,0.199751,-0.111820][0.000000,0.461079,-0.887359][0.000000,1.000000,0.000000][-1.081256,0.273695,-0.073398][0.000000,0.461079,-0.887359][0.000000,1.000000,0.000000][-0.847016,0.199751,-0.111820][0.000000,0.461079,-0.887359][0.000000,1.000000,0.000000]
[-1.081256,0.273695,-0.073398][0.000000,0.461079,-0.887359][0.000000,1.000000,0.000000][-0.847016,0.273695,-0.073398][0.000000,0.461079,-0.887359][0.000000,1.000000,0.000000][-0.847016,0.199751,-0.111820][0.000000,0.461079,-0.887359][0.000000,1.000000,0.000000]
[-0.847016,0.199751,-0.111820][0.000000,0.461079,-0.887359][0.000000,1.000000,0.000000][-0.847016,0.273695,-0.073398][0.000000,0.461079,-0.887359][0.000000,1.000000,0.000000][-0.823593,0.236722,-0.092610][0.000000,0.461079,-0.887359][0.000000,1.000000,0.000000]
[-1.393133,0.273695,-0.073398][0.000000,0.461079,-0.887359][0.000000,1.000000,0.000000][-1.393133,0.199751,-0.111820][0.000000,0.461079,-0.887359][0.000000,1.000000,0.000000][-1.416556,0.236722,-0.092610][0.000000,0.461079,-0.887359][0.000000,1.000000,0.000000]
[-1.393133,0.199751,-0.111820][0.000000,0.461079,-0.887359][0.000000,1.000000,0.000000][-1.393133,0.273695,-0.073398][0.000000,0.461079,-0.887359][0.000000,1.000000,0.000000][-1.158893,0.199751,-0.111820][0.000000,0.461079,-0.887359][0.000000,1.000000,0.000000]
[-1.393133,0.273695,-0.073398][0.000000,0.461079,-0.887359][0.000000,1.000000,0.000000][-1.158893,0.273695,-0.073398][0.000000,0.461079,-0.887359][0.000000,1.000000,0.000000][-1.158893,0.199751,-0.111820][0.000000,0.461079,-0.887359][0.000000,1.000000,0.000000]
[-1.158893,0.199751,-0.111820][0.000000,0.461079,-0.887359][0.000000,1.000000,0.000000][-1.158893,0.273695,-0.073398][0.000000,0.461079,-0.887359][0.000000,1.000000,0.000000][-1.135470,0.236722,-0.092610][0.000000,0.461079,-0.887359][0.000000,1.000000,0.000000]
[-0.847016,0.273695,-0.073398][0.000000,1.000000,0.000000][0.000000,1.000000,0.000000][-1.081256,0.273695,-0.073398][0.000000,1.000000,0.000000][0.000000,1.000000,0.000000][-1.081256,0.273695,0.073398][0.000000,1.000000,0.000000][0.000000,1.000000,0.000000]
[-0.847016,0.273695,-0.073398][0.000000,1.000000,0.000000][0.000000,1.000000,0.000000][-1.081256,0.273695,0.073398][0.000000,1.000000,0.000000][0.000000,1.000000,0.000000][-0.847016,0.273695,0.073398][0.000000,1.000000,0.000000][0.000000,1.000000,0.000000]
[-1.158893,0.273695,-0.073398][0.000000,1.000000,0.000000][0.000000,1.000000,0.000000][-1.393133,0.273695,-0.073398][0.000000,1.000000,0.000000][0.000000,1.000000,0.000000][-1.393133,0.273695,0.073398][0.000000,1.000000,0.000000][0.000000,1.000000,0.000000]
[-1.158893,0.273695,-0.073398][0.000000,1.000000,0.000000][0.000000,1.000000,0.000000][-1.393133,0.273695,0.073398][0.000000,1.000000,0.000000][0.000000,1.000000,0.000000][-1.158893,0.273695,0.073398][0.000000,1.000000,0.000000][0.000000,1.000000,0.000000]
[-0.507725,0.105866,0.016134][1.000000,0.000000,0.000000][0.000000,1.000000,0.000000][-0.507725,0.105866,0.124387][1.000000,0.000000,0.000000][0.000000,1.000000,0.000000][-0.507725,0.000230,0.016134][1.000000,0.000000,0.000000][0.000000,1.000000,0.000000]
[-0.507725,0.105866,0.124387][1.000000,0.000000,0.000000][0.000000,1.000000,0.000000][-0.507725,0.000230,0.132884][1.000000,0.000000,0.000000][0.000000,1.000000,0.000000][-0.507725,0.000230,0.016134][1.000000,0.000000,0.000000][0.000000,1.000000,0.000000]
[-0.507725,0.000230,0.132884][1.000000,0.000000,0.000000][0.000000,1.000000,0.000000][-0.507725,0.105866,0.124387][1.000000,0.000000,0.000000][0.000000,1.000000,0.000000][-0.507725,0.053048,0.150323][1.000000,0.000000,0.000000][0.000000,1.000000,0.000000]
[-1.569971,0.000230,0.016134][0.000000,-1.000000,0.000000][0.000000,1.000000,0.000000][-0.507725,0.000230,0.016134][0.000000,-1.000000,0.000000][0.000000,1.000000,0.000000][-0.507725,0.000230,0.132884][0.000000,-1.000000,0.000000][0.000000,1.000000,0.000000]
[-1.569971,0.000230,0.016134][0.000000,-1.000000,0.000000][0.000000,1.000000,0.000000][-0.507725,0.000230,0.132884][0.000000,-1.000000,0.000000][0.000000,1.000000,0.000000][-1.569971,0.000230,0.132884][0.000000,-1.000000,0.000000][0.000000,1.000000,0.000000]
[0.885585,0.205545,0.122331][0.000000,0.518417,0.855128][0.000000,1.000000,0.000000][0.287776,0.205545,0.122331][0.000000,0.518417,0.855128][0.000000,1.000000,0.000000][0.885585,0.099909,0.186367][0.000000,0.518417,0.855128][0.000000,1.000000,0.000000]
[0.287776,0.099909,0.186367][0.000000,0.518417,0.855128][0.000000,1.000000,0.000000][0.885585,0.099909,0.186367][0.000000,0.518417,0.855128][0.000000,1.000000,0.000000][0.287776,0.205545,0.122331][0.000000,0.518417,0.855128][0.000000,1.000000,0.000000]
[-1.081256,0.199751,0.111820][0.000000,0.461079,0.887359][0.000000,1.000000,0.000000][-0.847016,0.273695,0.073398][0.000000,0.461079,0.887359][0.000000,1.000000,0.000000][-1.081256,0.273695,0.073398][0.000000,0.461079,0.887359][0.000000,1.000000,0.000000]
[-1.081256,0.199751,0.111820][0.000000,0.461079,0.887359][0.000000,1.000000,0.000000][-1.081256,0.273695,0.073398][0.000000,0.461079,0.887359][0.000000,1.000000,0.000000][-1.104679,0.236722,0.092610][0.000000,0.461079,0.887359][0.000000,1.000000,0.000000]
[-0.847016,0.199751,0.111820][0.000000,0.461079,0.887359][0.000000,1.000000,0.000000][-0.847016,0.273695,0.073398][0.000000,0.461079,0.887359][0.000000,1.000000,0.000000][-1.081256,0.199751,0.111820][0.000000,0.461079,0.887359][0.000000,1.000000,0.000000]
[-0.847016,0.273695,0.073398][0.000000,0.461079,0.887359][0.000000,1.000000,0.000000][-0.847016,0.199751,0.111820][0.000000,0.461079,0.887359][0.000000,1.000000,0.000000][-0.823593,0.236722,0.092610][0.000000,0.461079,0.887359][0.000000,1.000000,0.000000]
[-1.393133,0.199751,0.111820][0.000000,0.461079,0.887359][0.000000,1.000000,0.000000][-1.158893,0.273695,0.073398][0.000000,0.461079,0.887359][0.000000,1.000000,0.000000][-1.393133,0.273695,0.073398][0.000000,0.461079,0.887359][0.000000,1.000000,0.000000]
[-1.393133,0.199751,0.111820][0.000000,0.461079,0.887359][0.000000,1.000000,0.000000][-1.393133,0.273695,0.073398][0.000000,0.461079,0.887359][0.000000,1.000000,0.000000][-1.416556,0.236722,0.092610][0.000000,0.461079,0.887359][0.000000,1.000000,0.000000]
[-1.158893,0.199751,0.111820][0.000000,0.461079,0.887359][0.000000,1.000000,0.000000][-1.158893,0.273695,0.073398][0.000000,0.461079,0.887359][0.000000,1.000000,0.000000][-1.393133,0.199751,0.111820][0.000000,0.461079,0.887359][0.000000,1.000000,0.000000]
[-1.158893,0.273695,0.073398][0.000000,0.461079,0.887359][0.000000,1.000000,0.000000][-1.158893,0.199751,0.111820][0.000000,0.461079,0.887359][0.000000,1.000000,0.000000][-1.135470,0.236722,0.092610][0.000000,0.461079,0.887359][0.000000,1.000000,0.000000]
[-0.507725,0.105866,0.124387][0.000000,0.440802,0.897604][0.000000,1.000000,0.000000][-1.569971,0.105866,0.124387][0.000000,0.440802,0.897604][0.000000,1.000000,0.000000][-0.507725,0.053048,0.150323][0.000000,0.079900,0.996803][0.000000,1.000000,0.000000]
[-1.569971,0.053048,0.150323][0.000000,0.079900,0.996803][0.000000,1.000000,0.000000][-0.507725,0.053048,0.150323][0.000000,0.079900,0.996803][0.000000,1.000000,0.000000][-1.569971,0.105866,0.124387][0.000000,0.440802,0.897604][0.000000,1.000000,0.000000]
[-0.507725,0.053048,0.150323][0.000000,0.079900,0.996803][0.000000,1.000000,0.000000][-1.569971,0.053048,0.150323][0.000000,0.079900,0.996803][0.000000,1.000000,0.000000][-0.507725,0.000230,0.132884][0.000000,-0.313497,0.949589][0.000000,1.000000,0.000000]
[-1.569971,0.000230,0.132884][0.000000,-0.313497,0.949589][0.000000,1.000000,0.000000][-0.507725,0.000230,0.132884][0.000000,-0.313497,0.949589][0.000000,1.000000,0.000000][-1.569971,0.053048,0.150323][0.000000,0.079900,0.996803][0.000000,1.000000,0.000000]
[0.885585,0.205545,-0.122331][0.000000,1.000000,0.000000][0.000000,1.000000,0.000000][0.287776,0.205545,-0.122331][0.000000,1.000000,0.000000][0.000000,1.000000,0.000000][0.287776,0.205545,0.122331][0.000000,1.000000,0.000000][0.000000,1.000000,0.000000]
[0.885585,0.205545,-0.122331][0.000000,1.000000,0.000000][0.000000,1.000000,0.000000][0.287776,0.205545,0.122331][0.000000,1.000000,0.000000][0.000000,1.000000,0.000000][0.885585,0.205545,0.122331][0.000000,1.000000,0.000000][0.000000,1.000000,0.000000]
[0.287776,0.099909,-0.186367][0.000000,-1.000000,0.000000][0.000000,1.000000,0.000000][0.885585,0.099909,-0.186367][0.000000,-1.000000,0.000000][0.000000,1.000000,0.000000][0.885585,0.099909,0.186367][0.000000,-1.000000,0.000000][0.000000,1.000000,0.000000]
[0.287776,0.099909,-0.186367][0.000000,-1.000000,0.000000][0.000000,1.000000,0.000000][0.885585,0.099909,0.186367][0.000000,-1.000000,0.000000][0.000000,1.000000,0.000000][0.287776,0.099909,0.186367][0.000000,-1.000000,0.000000][0.000000,1.000000,0.000000]
[-0.507725,0.105866,0.016134][0.000000,0.000000,-1.000000][0.000000,1.000000,0.000000][-1.569971,0.000230,0.016134][0.000000,0.000000,-1.000000][0.000000,1.000000,0.000000][-1.569971,0.105866,0.016134][0.000000,0.000000,-1.000000][0.000000,1.000000,0.000000]
[-1.569971,0.000230,0.016134][0.000000,0.000000,-1.000000][0.000000,1.000000,0.000000][-0.507725,0.105866,0.016134][0.000000,0.000000,-1.000000][0.000000,1.000000,0.000000][-0.507725,0.000230,0.016134][0.000000,0.000000,-1.000000][0.000000,1.000000,0.000000]
[-0.507725,0.105866,0.016134][0.000000,1.000000,0.000000][0.000000,1.000000,0.000000][-1.569971,0.105866,0.016134][0.000000,1.000000,0.000000][0.000000,1.000000,0.000000][-1.569971,0.105866,0.124387][0.000000,1.000000,0.000000][0.000000,1.000000,0.000000]
[-0.507725,0.105866,0.016134][0.000000,1.000000,0.000000][0.000000,1.000000,0.000000][-1.569971,0.105866,0.124387][0.000000,1.000000,0.000000][0.000000,1.000000,0.000000][-0.507725,0.105866,0.124387][0.000000,1.000000,0.000000][0.000000,1.000000,0.000000]
[-1.081256,0.199751,-0.111820][0.000000,-1.000000,0.000000][0.000000,1.000000,0.000000][-0.847016,0.199751,-0.111820][0.000000,-1.000000,0.000000][0.000000,1.000000,0.000000][-0.847016,0.199751,0.111820][0.000000,-1.000000,0.000000][0.000000,1.000000,0.000000]
[-1.081256,0.199751,-0.111820][0.000000,-1.000000,0.000000][0.000000,1.000000,0.000000][-0.847016,0.199751,0.111820][0.000000,-1.000000,0.000000][0.000000,1.000000,0.000000][-1.081256,0.199751,0.111820][0.000000,-1.000000,0.000000][0.000000,1.000000,0.000000]
[-1.393133,0.199751,-0.111820][0.000000,-1.000000,0.000000][0.000000,1.000000,0.000000][-1.158893,0.199751,-0.111820][0.000000,-1.000000,0.000000][0.000000,1.000000,0.000000][-1.158893,0.199751,0.111820][0.000000,-1.000000,0.000000][0.000000,1.000000,0.000000]
[-1.393133,0.199751,-0.111820][0.000000,-1.000000,0.000000][0.000000,1.000000,0.000000][-1.158893,0.199751,0.111820][0.000000,-1.000000,0.000000][0.000000,1.000000,0.000000][-1.393133,0.199751,0.111820][0.000000,-1.000000,0.000000][0.000000,1.000000,0.000000]
[-0.847016,0.273695,0.073398][0.844732,0.535190,0.000000][0.000000,1.000000,0.000000][-0.823593,0.236722,-0.092610][0.844732,0.535190,0.000000][0.000000,1.000000,0.000000][-0.847016,0.273695,-0.073398][0.844732,0.535190,0.000000][0.000000,1.000000,0.000000]
[-0.823593,0.236722,0.092610][0.844732,0.535190,0.000000][0.000000,1.000000,0.000000][-0.823593,0.236722,-0.092610][0.844732,0.535190,0.000000][0.000000,1.000000,0.000000][-0.847016,0.273695,0.073398][0.844732,0.535190,0.000000][0.000000,1.000000,0.000000]
[0.422267,-0.063243,-0.172285][0.000000,1.000000,0.000000][0.000000,1.000000,0.000000][0.149563,-0.063243,-0.172285][0.000000,1.000000,0.000000][0.000000,1.000000,0.000000][0.149563,-0.063243,0.172285][0.000000,1.000000,0.000000][0.000000,1.000000,0.000000]
[0.422267,-0.063243,-0.172285][0.000000,1.000000,0.000000][0.000000,1.000000,0.000000][0.149563,-0.063243,0.172285][0.000000,1.000000,0.000000][0.000000,1.000000,0.000000][0.422267,-0.063243,0.172285][0.000000,1.000000,0.000000][0.000000,1.000000,0.000000]
[-0.823593,0.236722,-0.092610][0.844732,-0.535190,0.000000][0.000000,1.000000,0.000000][-0.847016,0.199751,0.111820][0.844732,-0.535190,0.000000][0.000000,1.000000,0.000000][-0.847016,0.199751,-0.111820][0.844732,-0.535190,0.000000][0.000000,1.000000,0.000000]
[-0.847016,0.199751,0.111820][0.844732,-0.535190,0.000000][0.000000,1.000000,0.000000][-0.823593,0.236722,-0.092610][0.844732,-0.535190,0.000000][0.000000,1.000000,0.000000][-0.823593,0.236722,0.092610][0.844732,-0.535190,0.000000][0.000000,1.000000,0.000000]
[-1.158893,0.273695,0.073398][0.844732,0.535190,0.000000][0.000000,1.000000,0.000000][-1.135470,0.236722,-0.092610][0.844732,0.535190,0.000000][0.000000,1.000000,0.000000][-1.158893,0.273695,-0.073398][0.844732,0.535190,0.000000][0.000000,1.000000,0.000000]
[-1.135470,0.236722,0.092610][0.844732,0.535190,0.000000][0.000000,1.000000,0.000000][-1.135470,0.236722,-0.092610][0.844732,0.535190,0.000000][0.000000,1.000000,0.000000][-1.158893,0.273695,0.073398][0.844732,0.535190,0.000000][0.000000,1.000000,0.000000]
[-1.135470,0.236722,-0.092610][0.844732,-0.535190,0.000000][0.000000,1.000000,0.000000][-1.158893,0.199751,0.111820][0.844732,-0.535190,0.000000][0.000000,1.000000,0.000000][-1.158893,0.199751,-0.111820][0.844732,-0.535190,0.000000][0.000000,1.000000,0.000000]
[-1.158893,0.199751,0.111820][0.844732,-0.535190,0.000000][0.000000,1.000000,0.000000][-1.135470,0.236722,-0.092610][0.844732,-0.535190,0.000000][0.000000,1.000000,0.000000][-1.135470,0.236722,0.092610][0.844732,-0.535190,0.000000][0.000000,1.000000,0.000000]
[0.149563,-0.168879,-0.172285][-1.000000,0.000000,0.000000][0.000000,1.000000,0.000000][0.149563,-0.168879,0.172285][-1.000000,0.000000,0.000000][0.000000,1.000000,0.000000][0.149563,-0.063243,-0.172285][-1.000000,0.000000,0.000000][0.000000,1.000000,0.000000]
[0.149563,-0.063243,-0.172285][-1.000000,0.000000,0.000000][0.000000,1.000000,0.000000][0.149563,-0.168879,0.172285][-1.000000,0.000000,0.000000][0.000000,1.000000,0.000000][0.149563,-0.063243,0.172285][-1.000000,0.000000,0.000000][0.000000,1.000000,0.000000]
[0.287776,0.099909,-0.186367][-1.000000,0.000000,0.000000][0.000000,1.000000,0.000000][0.287776,0.205545,0.122331][-1.000000,0.000000,0.000000][0.000000,1.000000,0.000000][0.287776,0.205545,-0.122331][-1.000000,0.000000,0.000000][0.000000,1.000000,0.000000]
[0.287776,0.205545,0.122331][-1.000000,0.000000,0.000000][0.000000,1.000000,0.000000][0.287776,0.099909,-0.186367][-1.000000,0.000000,0.000000][0.000000,1.000000,0.000000][0.287776,0.099909,0.186367][-1.000000,0.000000,0.000000][0.000000,1.000000,0.000000]
[1.681235,0.306857,0.081139][0.839996,0.542593,0.000000][0.000000,1.000000,0.000000][1.811454,0.105266,-0.202848][0.962150,0.272520,0.000000][0.000000,1.000000,0.000000][1.681235,0.306857,-0.081139][0.839996,0.542593,0.000000][0.000000,1.000000,0.000000]
[1.811454,0.105266,0.202848][0.962150,0.272520,0.000000][0.000000,1.000000,0.000000][1.811454,0.105266,-0.202848][0.962150,0.272520,0.000000][0.000000,1.000000,0.000000][1.681235,0.306857,0.081139][0.839996,0.542593,0.000000][0.000000,1.000000,0.000000]
[1.811454,0.105266,-0.202848][0.962150,0.272520,0.000000][0.000000,1.000000,0.000000][1.811454,0.105266,0.202848][0.962150,0.272520,0.000000][0.000000,1.000000,0.000000][1.811454,0.010637,0.162278][0.998253,-0.059092,0.000000][0.000000,1.000000,0.000000]
[1.811454,0.010637,0.162278][0.998253,-0.059092,0.000000][0.000000,1.000000,0.000000][1.811454,0.010637,-0.162278][0.998253,-0.059092,0.000000][0.000000,1.000000,0.000000][1.811454,0.105266,-0.202848][0.962150,0.272520,0.000000][0.000000,1.000000,0.000000]
[1.811454,0.010637,0.162278][0.998253,-0.059092,0.000000][0.000000,1.000000,0.000000][1.713609,-0.717647,0.162278][0.996114,-0.088071,0.000000][0.000000,1.000000,0.000000][1.811454,0.010637,-0.162278][0.998253,-0.059092,0.000000][0.000000,1.000000,0.000000]
[1.713609,-0.717647,-0.162278][0.996114,-0.088071,0.000000][0.000000,1.000000,0.000000][1.811454,0.010637,-0.162278][0.998253,-0.059092,0.000000][0.000000,1.000000,0.000000][1.713609,-0.717647,0.162278][0.996114,-0.088071,0.000000][0.000000,1.000000,0.000000]
[1.713609,-0.717647,-0.162278][0.996114,-0.088071,0.000000][0.000000,1.000000,0.000000][1.713609,-0.717647,0.162278][0.996114,-0.088071,0.000000][0.000000,1.000000,0.000000][1.710535,-0.789443,0.162278][0.996236,-0.086680,0.000000][0.000000,1.000000,0.000000]
[1.710535,-0.789443,0.162278][0.996236,-0.086680,0.000000][0.000000,1.000000,0.000000][1.710535,-0.789443,-0.162278][0.996236,-0.086680,0.000000][0.000000,1.000000,0.000000][1.713609,-0.717647,-0.162278][0.996114,-0.088071,0.000000][0.000000,1.000000,0.000000]
[1.710535,-0.789443,-0.162278][0.996236,-0.086680,0.000000][0.000000,1.000000,0.000000][1.710535,-0.789443,0.162278][0.996236,-0.086680,0.000000][0.000000,1.000000,0.000000][1.701244,-0.859999,0.162278][0.685324,-0.728238,0.000000][0.000000,1.000000,0.000000]
[1.701244,-0.859999,0.162278][0.685324,-0.728238,0.000000][0.000000,1.000000,0.000000][1.701244,-0.859999,-0.162278][0.685324,-0.728238,0.000000][0.000000,1.000000,0.000000][1.710535,-0.789443,-0.162278][0.996236,-0.086680,0.000000][0.000000,1.000000,0.000000]
[1.286026,-0.859999,-0.162278][0.000000,-1.000000,0.000000][0.000000,1.000000,0.000000][1.701244,-0.859999,-0.162278][0.685324,-0.728238,0.000000][0.000000,1.000000,0.000000][1.701244,-0.859999,0.162278][0.685324,-0.728238,0.000000][0.000000,1.000000,0.000000]
[1.286026,-0.859999,-0.162278][0.000000,-1.000000,0.000000][0.000000,1.000000,0.000000][1.701244,-0.859999,0.162278][0.685324,-0.728238,0.000000][0.000000,1.000000,0.000000][1.286026,-0.859999,0.162278][0.000000,-1.000000,0.000000][0.000000,1.000000,0.000000]
[0.857217,-0.496118,0.162278][0.968559,-0.248786,0.000000][0.000000,1.000000,0.000000][0.857217,-0.496118,-0.162278][0.968559,-0.248786,0.000000][0.000000,1.000000,0.000000][0.886610,-0.381664,-0.162278][0.968559,-0.248786,0.000000][0.000000,1.000000,0.000000]
[0.886610,-0.381664,-0.162278][0.968559,-0.248786,0.000000][0.000000,1.000000,0.000000][0.886610,-0.381664,0.162278][0.968559,-0.248786,0.000000][0.000000,1.000000,0.000000][0.857217,-0.496118,0.162278][0.968559,-0.248786,0.000000][0.000000,1.000000,0.000000]
[-0.367369,0.306857,0.081139][0.000000,1.000000,0.000000][0.000000,1.000000,0.000000][1.681235,0.306857,0.081139][0.000000,1.000000,0.000000][0.000000,1.000000,0.000000][-0.367369,0.306857,-0.081139][0.000000,1.000000,0.000000][0.000000,1.000000,0.000000]
[1.681235,0.306857,-0.081139][0.000000,1.000000,0.000000][0.000000,1.000000,0.000000][-0.367369,0.306857,-0.081139][0.000000,1.000000,0.000000][0.000000,1.000000,0.000000][1.681235,0.306857,0.081139][0.000000,1.000000,0.000000][0.000000,1.000000,0.000000]
[-1.277663,0.010637,0.162278][0.000000,1.000000,0.000000][0.000000,1.000000,0.000000][-0.367369,0.010637,0.162278][-0.806688,0.590978,0.000000][0.000000,1.000000,0.000000][-1.277663,0.010637,-0.162278][0.000000,1.000000,0.000000][0.000000,1.000000,0.000000]
[-0.367369,0.010637,-0.162278][-0.806688,0.590978,0.000000][0.000000,1.000000,0.000000][-1.277663,0.010637,-0.162278][0.000000,1.000000,0.000000][0.000000,1.000000,0.000000][-0.367369,0.010637,0.162278][-0.806688,0.590978,0.000000][0.000000,1.000000,0.000000]
[-0.367369,0.010637,-0.162278][-0.806688,0.590978,0.000000][0.000000,1.000000,0.000000][-0.367369,0.010637,0.162278][-0.806688,0.590978,0.000000][0.000000,1.000000,0.000000][-0.367369,0.306857,-0.081139][-1.000000,0.000000,0.000000][0.000000,1.000000,0.000000]
[-0.367369,0.010637,-0.162278][-0.806688,0.590978,0.000000][0.000000,1.000000,0.000000][-0.367369,0.306857,-0.081139][-1.000000,0.000000,0.000000][0.000000,1.000000,0.000000][-0.367369,0.105266,-0.202848][-1.000000,0.000000,0.000000][0.000000,1.000000,0.000000]
[-0.367369,0.010637,0.162278][-0.806688,0.590978,0.000000][0.000000,1.000000,0.000000][-0.367369,0.306857,0.081139][-1.000000,0.000000,0.000000][0.000000,1.000000,0.000000][-0.367369,0.306857,-0.081139][-1.000000,0.000000,0.000000][0.000000,1.000000,0.000000]
[-0.367369,0.306857,0.081139][-1.000000,0.000000,0.000000][0.000000,1.000000,0.000000][-0.367369,0.010637,0.162278][-0.806688,0.590978,0.000000][0.000000,1.000000,0.000000][-0.367369,0.105266,0.202848][-1.000000,0.000000,0.000000][0.000000,1.000000,0.000000]
[-1.533481,-1.009698,-0.083563][0.000000,-1.000000,0.000000][0.000000,1.000000,0.000000][-1.338003,-1.009698,0.084430][0.000000,-1.000000,0.000000][0.000000,1.000000,0.000000][-1.533481,-1.009698,0.084430][0.000000,-1.000000,0.000000][0.000000,1.000000,0.000000]
[-1.533481,-1.009698,-0.083563][0.000000,-1.000000,0.000000][0.000000,1.000000,0.000000][-1.533481,-1.009698,0.084430][0.000000,-1.000000,0.000000][0.000000,1.000000,0.000000][-1.583121,-1.009698,0.031534][0.000000,-1.000000,0.000000][0.000000,1.000000,0.000000]
[-1.533481,-1.009698,-0.083563][0.000000,-1.000000,0.000000][0.000000,1.000000,0.000000][-1.583121,-1.009698,0.031534][0.000000,-1.000000,0.000000][0.000000,1.000000,0.000000][-1.583121,-1.009698,-0.030667][0.000000,-1.000000,0.000000][0.000000,1.000000,0.000000]
[-1.338003,-1.009698,-0.083563][0.000000,-1.000000,0.000000][0.000000,1.000000,0.000000][-1.338003,-1.009698,0.084430][0.000000,-1.000000,0.000000][0.000000,1.000000,0.000000][-1.533481,-1.009698,-0.083563][0.000000,-1.000000,0.000000][0.000000,1.000000,0.000000]
[-1.338003,-1.009698,0.084430][0.000000,-1.000000,0.000000][0.000000,1.000000,0.000000][-1.338003,-1.009698,-0.083563][0.000000,-1.000000,0.000000][0.000000,1.000000,0.000000][-1.288977,-1.009698,0.031534][0.000000,-1.000000,0.000000][0.000000,1.000000,0.000000]
[-1.288977,-1.009698,0.031534][0.000000,-1.000000,0.000000][0.000000,1.000000,0.000000][-1.338003,-1.009698,-0.083563][0.000000,-1.000000,0.000000][0.000000,1.000000,0.000000][-1.288977,-1.009698,-0.030667][0.000000,-1.000000,0.000000][0.000000,1.000000,0.000000]
[-1.325875,-0.236936,-0.083563][0.384143,-0.050431,-0.921895][0.000000,1.000000,0.000000][-1.369036,-0.522523,-0.083563][0.381307,0.007714,-0.924416][0.000000,1.000000,0.000000][-1.487306,-0.236936,-0.083563][-0.406856,0.000000,-0.913493][0.000000,1.000000,0.000000]
[-1.369036,-0.522523,-0.083563][0.381307,0.007714,-0.924416][0.000000,1.000000,0.000000][-1.325875,-0.236936,-0.083563][0.384143,-0.050431,-0.921895][0.000000,1.000000,0.000000][-1.293290,-0.276700,-0.030667][0.920636,-0.110301,-0.374517][0.000000,1.000000,0.000000]
[-1.487306,-0.236936,-0.083563][-0.406856,0.000000,-0.913493][0.000000,1.000000,0.000000][-1.369036,-0.522523,-0.083563][0.381307,0.007714,-0.924416][0.000000,1.000000,0.000000][-1.487281,-0.522523,-0.083563][-0.395681,0.017787,-0.918216][0.000000,1.000000,0.000000]
[-1.487306,-0.236936,-0.083563][-0.406856,0.000000,-0.913493][0.000000,1.000000,0.000000][-1.487281,-0.522523,-0.083563][-0.395681,0.017787,-0.918216][0.000000,1.000000,0.000000][-1.536678,-0.522523,-0.030667][-0.930571,0.043172,-0.363557][0.000000,1.000000,0.000000]
[-1.536678,-0.522523,-0.030667][-0.930571,0.043172,-0.363557][0.000000,1.000000,0.000000][-1.536678,-0.236936,-0.030667][-0.933144,0.000000,-0.359502][0.000000,1.000000,0.000000][-1.487306,-0.236936,-0.083563][-0.406856,0.000000,-0.913493][0.000000,1.000000,0.000000]
[-1.369036,-0.522523,-0.083563][0.381307,0.007714,-0.924416][0.000000,1.000000,0.000000][-1.502696,-0.690514,-0.083563][-0.427510,-0.000099,-0.904011][0.000000,1.000000,0.000000][-1.487281,-0.522523,-0.083563][-0.395681,0.017787,-0.918216][0.000000,1.000000,0.000000]
[-1.502696,-0.690514,-0.083563][-0.427510,-0.000099,-0.904011][0.000000,1.000000,0.000000][-1.536678,-0.522523,-0.030667][-0.930571,0.043172,-0.363557][0.000000,1.000000,0.000000][-1.487281,-0.522523,-0.083563][-0.395681,0.017787,-0.918216][0.000000,1.000000,0.000000]
[-1.536678,-0.236936,-0.030667][-0.933144,0.000000,-0.359502][0.000000,1.000000,0.000000][-1.536678,-0.522523,-0.030667][-0.930571,0.043172,-0.363557][0.000000,1.000000,0.000000][-1.536678,-0.236936,0.031534][-0.933144,0.000000,0.359502][0.000000,1.000000,0.000000]
[-1.536678,-0.522523,0.031534][-0.930571,0.043172,0.363557][0.000000,1.000000,0.000000][-1.536678,-0.236936,0.031534][-0.933144,0.000000,0.359502][0.000000,1.000000,0.000000][-1.536678,-0.522523,-0.030667][-0.930571,0.043172,-0.363557][0.000000,1.000000,0.000000]
[-1.536678,-0.522523,0.031534][-0.930571,0.043172,0.363557][0.000000,1.000000,0.000000][-1.487306,-0.236936,0.084430][-0.406856,0.000000,0.913493][0.000000,1.000000,0.000000][-1.536678,-0.236936,0.031534][-0.933144,0.000000,0.359502][0.000000,1.000000,0.000000]
[-1.487306,-0.236936,0.084430][-0.406856,0.000000,0.913493][0.000000,1.000000,0.000000][-1.536678,-0.522523,0.031534][-0.930571,0.043172,0.363557][0.000000,1.000000,0.000000][-1.487281,-0.522523,0.084430][-0.395681,0.017787,0.918216][0.000000,1.000000,0.000000]
[-1.369036,-0.522523,0.084430][0.381307,0.007714,0.924416][0.000000,1.000000,0.000000][-1.487306,-0.236936,0.084430][-0.406856,0.000000,0.913493][0.000000,1.000000,0.000000][-1.487281,-0.522523,0.084430][-0.395681,0.017787,0.918216][0.000000,1.000000,0.000000]
[-1.487306,-0.236936,0.084430][-0.406856,0.000000,0.913493][0.000000,1.000000,0.000000][-1.369036,-0.522523,0.084430][0.381307,0.007714,0.924416][0.000000,1.000000,0.000000][-1.325875,-0.236936,0.084430][0.384143,-0.050431,0.921895][0.000000,1.000000,0.000000]
[-1.536678,-0.522523,0.031534][-0.930571,0.043172,0.363557][0.000000,1.000000,0.000000][-1.502696,-0.690514,0.084430][-0.427510,-0.000099,0.904011][0.000000,1.000000,0.000000][-1.487281,-0.522523,0.084430][-0.395681,0.017787,0.918216][0.000000,1.000000,0.000000]
[-1.502696,-0.690514,0.084430][-0.427510,-0.000099,0.904011][0.000000,1.000000,0.000000][-1.369036,-0.522523,0.084430][0.381307,0.007714,0.924416][0.000000,1.000000,0.000000][-1.487281,-0.522523,0.084430][-0.395681,0.017787,0.918216][0.000000,1.000000,0.000000]
[-1.369036,-0.522523,0.084430][0.381307,0.007714,0.924416][0.000000,1.000000,0.000000][-1.293290,-0.276700,0.031534][0.920636,-0.110301,0.374517][0.000000,1.000000,0.000000][-1.325875,-0.236936,0.084430][0.384143,-0.050431,0.921895][0.000000,1.000000,0.000000]
[-1.293290,-0.276700,0.031534][0.920636,-0.110301,0.374517][0.000000,1.000000,0.000000][-1.369036,-0.522523,0.084430][0.381307,0.007714,0.924416][0.000000,1.000000,0.000000][-1.319940,-0.522523,0.031534][0.933374,0.029358,0.357702][0.000000,1.000000,0.000000]
[-1.319940,-0.522523,0.031534][0.933374,0.029358,0.357702][0.000000,1.000000,0.000000][-1.293290,-0.276700,-0.030667][0.920636,-0.110301,-0.374517][0.000000,1.000000,0.000000][-1.293290,-0.276700,0.031534][0.920636,-0.110301,0.374517][0.000000,1.000000,0.000000]
[-1.536678,-0.522523,-0.030667][-0.930571,0.043172,-0.363557][0.000000,1.000000,0.000000][-1.552159,-0.690514,0.031534][-0.936045,-0.000093,0.351881][0.000000,1.000000,0.000000][-1.536678,-0.522523,0.031534][-0.930571,0.043172,0.363557][0.000000,1.000000,0.000000]
[-1.502696,-0.690514,0.084430][-0.427510,-0.000099,0.904011][0.000000,1.000000,0.000000][-1.536678,-0.522523,0.031534][-0.930571,0.043172,0.363557][0.000000,1.000000,0.000000][-1.552159,-0.690514,0.031534][-0.936045,-0.000093,0.351881][0.000000,1.000000,0.000000]
[-1.536678,-0.522523,-0.030667][-0.930571,0.043172,-0.363557][0.000000,1.000000,0.000000][-1.552159,-0.690514,-0.030667][-0.936045,-0.000093,-0.351881][0.000000,1.000000,0.000000][-1.552159,-0.690514,0.031534][-0.936045,-0.000093,0.351881][0.000000,1.000000,0.000000]
[-1.536678,-0.522523,-0.030667][-0.930571,0.043172,-0.363557][0.000000,1.000000,0.000000][-1.502696,-0.690514,-0.083563][-0.427510,-0.000099,-0.904011][0.000000,1.000000,0.000000][-1.552159,-0.690514,-0.030667][-0.936045,-0.000093,-0.351881][0.000000,1.000000,0.000000]
[-1.536678,-0.858505,0.031534][-0.920665,0.099085,0.377569][0.000000,1.000000,0.000000][-1.502696,-0.690514,0.084430][-0.427510,-0.000099,0.904011][0.000000,1.000000,0.000000][-1.552159,-0.690514,0.031534][-0.936045,-0.000093,0.351881][0.000000,1.000000,0.000000]
[-1.552159,-0.690514,-0.030667][-0.936045,-0.000093,-0.351881][0.000000,1.000000,0.000000][-1.536678,-0.858505,0.031534][-0.920665,0.099085,0.377569][0.000000,1.000000,0.000000][-1.552159,-0.690514,0.031534][-0.936045,-0.000093,0.351881][0.000000,1.000000,0.000000]
[-1.369036,-0.522523,0.084430][0.381307,0.007714,0.924416][0.000000,1.000000,0.000000][-1.502696,-0.690514,0.084430][-0.427510,-0.000099,0.904011][0.000000,1.000000,0.000000][-1.338050,-0.690514,0.084430][0.428432,0.041020,0.902642][0.000000,1.000000,0.000000]
[-1.338050,-0.690514,0.084430][0.428432,0.041020,0.902642][0.000000,1.000000,0.000000][-1.319940,-0.522523,0.031534][0.933374,0.029358,0.357702][0.000000,1.000000,0.000000][-1.369036,-0.522523,0.084430][0.381307,0.007714,0.924416][0.000000,1.000000,0.000000]
[-1.487108,-0.858505,0.084430][-0.357944,0.033570,0.933139][0.000000,1.000000,0.000000][-1.338050,-0.690514,0.084430][0.428432,0.041020,0.902642][0.000000,1.000000,0.000000][-1.502696,-0.690514,0.084430][-0.427510,-0.000099,0.904011][0.000000,1.000000,0.000000]
[-1.502696,-0.690514,0.084430][-0.427510,-0.000099,0.904011][0.000000,1.000000,0.000000][-1.536678,-0.858505,0.031534][-0.920665,0.099085,0.377569][0.000000,1.000000,0.000000][-1.487108,-0.858505,0.084430][-0.357944,0.033570,0.933139][0.000000,1.000000,0.000000]
[-1.319940,-0.522523,0.031534][0.933374,0.029358,0.357702][0.000000,1.000000,0.000000][-1.338050,-0.690514,0.084430][0.428432,0.041020,0.902642][0.000000,1.000000,0.000000][-1.288977,-0.690514,0.031534][0.933218,0.083698,0.349425][0.000000,1.000000,0.000000]
[-1.536678,-0.858505,-0.030667][-0.920665,0.099085,-0.377569][0.000000,1.000000,0.000000][-1.552159,-0.690514,-0.030667][-0.936045,-0.000093,-0.351881][0.000000,1.000000,0.000000][-1.502696,-0.690514,-0.083563][-0.427510,-0.000099,-0.904011][0.000000,1.000000,0.000000]
[-1.552159,-0.690514,-0.030667][-0.936045,-0.000093,-0.351881][0.000000,1.000000,0.000000][-1.536678,-0.858505,-0.030667][-0.920665,0.099085,-0.377569][0.000000,1.000000,0.000000][-1.536678,-0.858505,0.031534][-0.920665,0.099085,0.377569][0.000000,1.000000,0.000000]
[-1.533481,-1.009698,0.084430][-0.465555,0.142911,0.873404][0.000000,1.000000,0.000000][-1.487108,-0.858505,0.084430][-0.357944,0.033570,0.933139][0.000000,1.000000,0.000000][-1.536678,-0.858505,0.031534][-0.920665,0.099085,0.377569][0.000000,1.000000,0.000000]
[-1.536678,-0.858505,0.031534][-0.920665,0.099085,0.377569][0.000000,1.000000,0.000000][-1.583121,-1.009698,0.031534][-0.904665,0.277802,0.323120][0.000000,1.000000,0.000000][-1.533481,-1.009698,0.084430][-0.465555,0.142911,0.873404][0.000000,1.000000,0.000000]
[-1.536678,-0.858505,0.031534][-0.920665,0.099085,0.377569][0.000000,1.000000,0.000000][-1.583121,-1.009698,-0.030667][-0.904665,0.277802,-0.323120][0.000000,1.000000,0.000000][-1.583121,-1.009698,0.031534][-0.904665,0.277802,0.323120][0.000000,1.000000,0.000000]
[-1.583121,-1.009698,-0.030667][-0.904665,0.277802,-0.323120][0.000000,1.000000,0.000000][-1.536678,-0.858505,0.031534][-0.920665,0.099085,0.377569][0.000000,1.000000,0.000000][-1.536678,-0.858505,-0.030667][-0.920665,0.099085,-0.377569][0.000000,1.000000,0.000000]
[-1.338003,-1.009698,0.084430][0.408632,0.000000,0.912699][0.000000,1.000000,0.000000][-1.487108,-0.858505,0.084430][-0.357944,0.033570,0.933139][0.000000,1.000000,0.000000][-1.533481,-1.009698,0.084430][-0.465555,0.142911,0.873404][0.000000,1.000000,0.000000]
[-1.536678,-0.858505,-0.030667][-0.920665,0.099085,-0.377569][0.000000,1.000000,0.000000][-1.533481,-1.009698,-0.083563][-0.465555,0.142911,-0.873404][0.000000,1.000000,0.000000][-1.583121,-1.009698,-0.030667][-0.904665,0.277802,-0.323120][0.000000,1.000000,0.000000]
[-1.487108,-0.858505,0.084430][-0.357944,0.033570,0.933139][0.000000,1.000000,0.000000][-1.338003,-1.009698,0.084430][0.408632,0.000000,0.912699][0.000000,1.000000,0.000000][-1.338014,-0.858505,0.084430][0.408506,0.000000,0.912756][0.000000,1.000000,0.000000]
[-1.338050,-0.690514,0.084430][0.428432,0.041020,0.902642][0.000000,1.000000,0.000000][-1.487108,-0.858505,0.084430][-0.357944,0.033570,0.933139][0.000000,1.000000,0.000000][-1.338014,-0.858505,0.084430][0.408506,0.000000,0.912756][0.000000,1.000000,0.000000]
[-1.338014,-0.858505,0.084430][0.408506,0.000000,0.912756][0.000000,1.000000,0.000000][-1.288977,-0.690514,0.031534][0.933218,0.083698,0.349425][0.000000,1.000000,0.000000][-1.338050,-0.690514,0.084430][0.428432,0.041020,0.902642][0.000000,1.000000,0.000000]
[-1.338003,-1.009698,0.084430][0.408632,0.000000,0.912699][0.000000,1.000000,0.000000][-1.288977,-0.858505,0.031534][0.933735,0.000000,0.357966][0.000000,1.000000,0.000000][-1.338014,-0.858505,0.084430][0.408506,0.000000,0.912756][0.000000,1.000000,0.000000]
[-1.288977,-0.690514,0.031534][0.933218,0.083698,0.349425][0.000000,1.000000,0.000000][-1.338014,-0.858505,0.084430][0.408506,0.000000,0.912756][0.000000,1.000000,0.000000][-1.288977,-0.858505,0.031534][0.933735,0.000000,0.357966][0.000000,1.000000,0.000000]
[-1.288977,-0.858505,0.031534][0.933735,0.000000,0.357966][0.000000,1.000000,0.000000][-1.338003,-1.009698,0.084430][0.408632,0.000000,0.912699][0.000000,1.000000,0.000000][-1.288977,-1.009698,0.031534][0.933766,0.000000,0.357885][0.000000,1.000000,0.000000]
[-1.533481,-1.009698,-0.083563][-0.465555,0.142911,-0.873404][0.000000,1.000000,0.000000][-1.536678,-0.858505,-0.030667][-0.920665,0.099085,-0.377569][0.000000,1.000000,0.000000][-1.487108,-0.858505,-0.083563][-0.357944,0.033570,-0.933139][0.000000,1.000000,0.000000]
[-1.502696,-0.690514,-0.083563][-0.427510,-0.000099,-0.904011][0.000000,1.000000,0.000000][-1.487108,-0.858505,-0.083563][-0.357944,0.033570,-0.933139][0.000000,1.000000,0.000000][-1.536678,-0.858505,-0.030667][-0.920665,0.099085,-0.377569][0.000000,1.000000,0.000000]
[-1.487108,-0.858505,-0.083563][-0.357944,0.033570,-0.933139][0.000000,1.000000,0.000000][-1.338003,-1.009698,-0.083563][0.408632,0.000000,-0.912699][0.000000,1.000000,0.000000][-1.533481,-1.009698,-0.083563][-0.465555,0.142911,-0.873404][0.000000,1.000000,0.000000]
[-1.288977,-0.858505,0.031534][0.933735,0.000000,0.357966][0.000000,1.000000,0.000000][-1.288977,-1.009698,0.031534][0.933766,0.000000,0.357885][0.000000,1.000000,0.000000][-1.288977,-0.858505,-0.030667][0.933735,0.000000,-0.357966][0.000000,1.000000,0.000000]
[-1.288977,-0.858505,-0.030667][0.933735,0.000000,-0.357966][0.000000,1.000000,0.000000][-1.288977,-0.690514,0.031534][0.933218,0.083698,0.349425][0.000000,1.000000,0.000000][-1.288977,-0.858505,0.031534][0.933735,0.000000,0.357966][0.000000,1.000000,0.000000]
[-1.288977,-1.009698,-0.030667][0.933766,0.000000,-0.357885][0.000000,1.000000,0.000000][-1.288977,-0.858505,-0.030667][0.933735,0.000000,-0.357966][0.000000,1.000000,0.000000][-1.288977,-1.009698,0.031534][0.933766,0.000000,0.357885][0.000000,1.000000,0.000000]
[-1.288977,-0.858505,-0.030667][0.933735,0.000000,-0.357966][0.000000,1.000000,0.000000][-1.288977,-1.009698,-0.030667][0.933766,0.000000,-0.357885][0.000000,1.000000,0.000000][-1.338003,-1.009698,-0.083563][0.408632,0.000000,-0.912699][0.000000,1.000000,0.000000]
[-1.288977,-0.858505,-0.030667][0.933735,0.000000,-0.357966][0.000000,1.000000,0.000000][-1.288977,-0.690514,-0.030667][0.933218,0.083698,-0.349425][0.000000,1.000000,0.000000][-1.288977,-0.690514,0.031534][0.933218,0.083698,0.349425][0.000000,1.000000,0.000000]
[-1.338003,-1.009698,-0.083563][0.408632,0.000000,-0.912699][0.000000,1.000000,0.000000][-1.338014,-0.858505,-0.083563][0.408506,0.000000,-0.912756][0.000000,1.000000,0.000000][-1.288977,-0.858505,-0.030667][0.933735,0.000000,-0.357966][0.000000,1.000000,0.000000]
[-1.338014,-0.858505,-0.083563][0.408506,0.000000,-0.912756][0.000000,1.000000,0.000000][-1.338003,-1.009698,-0.083563][0.408632,0.000000,-0.912699][0.000000,1.000000,0.000000][-1.487108,-0.858505,-0.083563][-0.357944,0.033570,-0.933139][0.000000,1.000000,0.000000]
[-1.338014,-0.858505,-0.083563][0.408506,0.000000,-0.912756][0.000000,1.000000,0.000000][-1.288977,-0.690514,-0.030667][0.933218,0.083698,-0.349425][0.000000,1.000000,0.000000][-1.288977,-0.858505,-0.030667][0.933735,0.000000,-0.357966][0.000000,1.000000,0.000000]
[-1.288977,-0.690514,-0.030667][0.933218,0.083698,-0.349425][0.000000,1.000000,0.000000][-1.319940,-0.522523,0.031534][0.933374,0.029358,0.357702][0.000000,1.000000,0.000000][-1.288977,-0.690514,0.031534][0.933218,0.083698,0.349425][0.000000,1.000000,0.000000]
[-1.487108,-0.858505,-0.083563][-0.357944,0.033570,-0.933139][0.000000,1.000000,0.000000][-1.338050,-0.690514,-0.083563][0.428432,0.041020,-0.902642][0.000000,1.000000,0.000000][-1.338014,-0.858505,-0.083563][0.408506,0.000000,-0.912756][0.000000,1.000000,0.000000]
[-1.288977,-0.690514,-0.030667][0.933218,0.083698,-0.349425][0.000000,1.000000,0.000000][-1.338014,-0.858505,-0.083563][0.408506,0.000000,-0.912756][0.000000,1.000000,0.000000][-1.338050,-0.690514,-0.083563][0.428432,0.041020,-0.902642][0.000000,1.000000,0.000000]
[-1.338050,-0.690514,-0.083563][0.428432,0.041020,-0.902642][0.000000,1.000000,0.000000][-1.487108,-0.858505,-0.083563][-0.357944,0.033570,-0.933139][0.000000,1.000000,0.000000][-1.502696,-0.690514,-0.083563][-0.427510,-0.000099,-0.904011][0.000000,1.000000,0.000000]
[-1.502696,-0.690514,-0.083563][-0.427510,-0.000099,-0.904011][0.000000,1.000000,0.000000][-1.369036,-0.522523,-0.083563][0.381307,0.007714,-0.924416][0.000000,1.000000,0.000000][-1.338050,-0.690514,-0.083563][0.428432,0.041020,-0.902642][0.000000,1.000000,0.000000]
[-1.338050,-0.690514,-0.083563][0.428432,0.041020,-0.902642][0.000000,1.000000,0.000000][-1.319940,-0.522523,-0.030667][0.933374,0.029358,-0.357702][0.000000,1.000000,0.000000][-1.288977,-0.690514,-0.030667][0.933218,0.083698,-0.349425][0.000000,1.000000,0.000000]
[-1.319940,-0.522523,0.031534][0.933374,0.029358,0.357702][0.000000,1.000000,0.000000][-1.288977,-0.690514,-0.030667][0.933218,0.083698,-0.349425][0.000000,1.000000,0.000000][-1.319940,-0.522523,-0.030667][0.933374,0.029358,-0.357702][0.000000,1.000000,0.000000]
[-1.319940,-0.522523,-0.030667][0.933374,0.029358,-0.357702][0.000000,1.000000,0.000000][-1.338050,-0.690514,-0.083563][0.428432,0.041020,-0.902642][0.000000,1.000000,0.000000][-1.369036,-0.522523,-0.083563][0.381307,0.007714,-0.924416][0.000000,1.000000,0.000000]
[-1.293290,-0.276700,-0.030667][0.920636,-0.110301,-0.374517][0.000000,1.000000,0.000000][-1.319940,-0.522523,0.031534][0.933374,0.029358,0.357702][0.000000,1.000000,0.000000][-1.319940,-0.522523,-0.030667][0.933374,0.029358,-0.357702][0.000000,1.000000,0.000000]
[-1.369036,-0.522523,-0.083563][0.381307,0.007714,-0.924416][0.000000,1.000000,0.000000][-1.293290,-0.276700,-0.030667][0.920636,-0.110301,-0.374517][0.000000,1.000000,0.000000][-1.319940,-0.522523,-0.030667][0.933374,0.029358,-0.357702][0.000000,1.000000,0.000000]
[-0.769355,-0.710679,-0.162278][-0.691485,-0.722391,-0.000385][0.000000,1.000000,0.000000][-0.769355,-0.710679,0.162278][-0.691485,-0.722391,-0.000385][0.000000,1.000000,0.000000][-1.006002,-0.316418,-0.162278][-0.856916,-0.515456,-0.000660][0.000000,1.000000,0.000000]
[-0.769355,-0.710679,0.162278][-0.691485,-0.722391,-0.000385][0.000000,1.000000,0.000000][-0.769355,-0.710679,-0.162278][-0.691485,-0.722391,-0.000385][0.000000,1.000000,0.000000][-0.628514,-0.785108,-0.162278][-0.242751,-0.970089,0.000000][0.000000,1.000000,0.000000]
[-1.006002,-0.316418,-0.162278][-0.856916,-0.515456,-0.000660][0.000000,1.000000,0.000000][-0.769355,-0.710679,0.162278][-0.691485,-0.722391,-0.000385][0.000000,1.000000,0.000000][-1.026710,-0.282820,0.162278][-0.806154,-0.591705,-0.000380][0.000000,1.000000,0.000000]
[-0.628514,-0.785108,-0.162278][-0.242751,-0.970089,0.000000][0.000000,1.000000,0.000000][-0.628514,-0.785108,0.162278][-0.242751,-0.970089,0.000000][0.000000,1.000000,0.000000][-0.769355,-0.710679,0.162278][-0.691485,-0.722391,-0.000385][0.000000,1.000000,0.000000]
[-0.628514,-0.785108,-0.162278][-0.242751,-0.970089,0.000000][0.000000,1.000000,0.000000][-0.168097,-0.785108,-0.162278][0.000000,-1.000000,0.000000][0.000000,1.000000,0.000000][-0.628514,-0.785108,0.162278][-0.242751,-0.970089,0.000000][0.000000,1.000000,0.000000]
[-0.168097,-0.785108,-0.162278][0.000000,-1.000000,0.000000][0.000000,1.000000,0.000000][-0.168097,-0.785108,0.162278][0.000000,-1.000000,0.000000][0.000000,1.000000,0.000000][-0.628514,-0.785108,0.162278][-0.242751,-0.970089,0.000000][0.000000,1.000000,0.000000]
[-1.026710,-0.282820,0.162278][-0.806154,-0.591705,-0.000380][0.000000,1.000000,0.000000][-1.026710,-0.282820,-0.162278][-0.806154,-0.591705,-0.000380][0.000000,1.000000,0.000000][-1.006002,-0.316418,-0.162278][-0.856916,-0.515456,-0.000660][0.000000,1.000000,0.000000]
[-1.166512,-0.125394,0.162278][-0.747733,-0.663999,0.000000][0.000000,1.000000,0.000000][-1.026710,-0.282820,-0.162278][-0.806154,-0.591705,-0.000380][0.000000,1.000000,0.000000][-1.026710,-0.282820,0.162278][-0.806154,-0.591705,-0.000380][0.000000,1.000000,0.000000]
[-1.026710,-0.282820,-0.162278][-0.806154,-0.591705,-0.000380][0.000000,1.000000,0.000000][-1.166512,-0.125394,0.162278][-0.747733,-0.663999,0.000000][0.000000,1.000000,0.000000][-1.166512,-0.125394,-0.162278][-0.747733,-0.663999,0.000000][0.000000,1.000000,0.000000]
[-0.367369,0.010637,0.162278][0.000000,-0.133801,0.991008][0.000000,1.000000,0.000000][-0.314733,-0.210312,0.162278][0.000000,0.000000,1.000000][0.000000,1.000000,0.000000][-0.165565,-0.126316,0.162278][0.000000,0.000000,1.000000][0.000000,1.000000,0.000000]
[0.319997,-0.210312,0.162278][0.000000,0.000000,1.000000][0.000000,1.000000,0.000000][-0.367369,0.010637,0.162278][0.000000,-0.133801,0.991008][0.000000,1.000000,0.000000][-0.165565,-0.126316,0.162278][0.000000,0.000000,1.000000][0.000000,1.000000,0.000000]
[-0.314733,-0.210312,0.162278][0.000000,0.000000,1.000000][0.000000,1.000000,0.000000][-0.367369,0.010637,0.162278][0.000000,-0.133801,0.991008][0.000000,1.000000,0.000000][-0.573533,-0.121437,0.162278][0.000000,0.000000,1.000000][0.000000,1.000000,0.000000]
[-0.573533,-0.279930,0.162278][0.000000,0.000000,1.000000][0.000000,1.000000,0.000000][-0.314733,-0.210312,0.162278][0.000000,0.000000,1.000000][0.000000,1.000000,0.000000][-0.573533,-0.121437,0.162278][0.000000,0.000000,1.000000][0.000000,1.000000,0.000000]
[-0.314733,-0.210312,0.162278][0.000000,0.000000,1.000000][0.000000,1.000000,0.000000][-0.573533,-0.279930,0.162278][0.000000,0.000000,1.000000][0.000000,1.000000,0.000000][-0.304479,-0.279930,0.162278][0.000000,0.000000,1.000000][0.000000,1.000000,0.000000]
[-0.573533,-0.279930,0.162278][0.000000,0.000000,1.000000][0.000000,1.000000,0.000000][-0.432024,-0.632665,0.162278][0.000000,0.000000,1.000000][0.000000,1.000000,0.000000][-0.304479,-0.279930,0.162278][0.000000,0.000000,1.000000][0.000000,1.000000,0.000000]
[-0.168097,-0.693864,0.162278][0.000000,0.000000,1.000000][0.000000,1.000000,0.000000][-0.304479,-0.279930,0.162278][0.000000,0.000000,1.000000][0.000000,1.000000,0.000000][-0.432024,-0.632665,0.162278][0.000000,0.000000,1.000000][0.000000,1.000000,0.000000]
[-0.432024,-0.632665,0.162278][0.000000,0.000000,1.000000][0.000000,1.000000,0.000000][-0.168097,-0.785108,0.162278][0.000000,0.000000,1.000000][0.000000,1.000000,0.000000][-0.168097,-0.693864,0.162278][0.000000,0.000000,1.000000][0.000000,1.000000,0.000000]
[-0.168097,-0.785108,0.162278][0.000000,0.000000,1.000000][0.000000,1.000000,0.000000][-0.432024,-0.632665,0.162278][0.000000,0.000000,1.000000][0.000000,1.000000,0.000000][-0.493550,-0.706105,0.162278][0.000000,0.000000,1.000000][0.000000,1.000000,0.000000]
[-0.628514,-0.785108,0.162278][0.000000,0.000000,1.000000][0.000000,1.000000,0.000000][-0.168097,-0.785108,0.162278][0.000000,0.000000,1.000000][0.000000,1.000000,0.000000][-0.493550,-0.706105,0.162278][0.000000,0.000000,1.000000][0.000000,1.000000,0.000000]
[-0.493550,-0.706105,0.162278][0.000000,0.000000,1.000000][0.000000,1.000000,0.000000][-0.656285,-0.707974,0.162278][0.000000,0.000000,1.000000][0.000000,1.000000,0.000000][-0.628514,-0.785108,0.162278][0.000000,0.000000,1.000000][0.000000,1.000000,0.000000]
[-0.769355,-0.710679,0.162278][0.000000,0.000000,1.000000][0.000000,1.000000,0.000000][-0.628514,-0.785108,0.162278][0.000000,0.000000,1.000000][0.000000,1.000000,0.000000][-0.656285,-0.707974,0.162278][0.000000,0.000000,1.000000][0.000000,1.000000,0.000000]
[-0.656285,-0.707974,0.162278][0.000000,0.000000,1.000000][0.000000,1.000000,0.000000][-0.921436,-0.280841,0.162278][0.000000,0.000000,1.000000][0.000000,1.000000,0.000000][-0.769355,-0.710679,0.162278][0.000000,0.000000,1.000000][0.000000,1.000000,0.000000]
[-1.026710,-0.282820,0.162278][0.000000,0.000000,1.000000][0.000000,1.000000,0.000000][-0.769355,-0.710679,0.162278][0.000000,0.000000,1.000000][0.000000,1.000000,0.000000][-0.921436,-0.280841,0.162278][0.000000,0.000000,1.000000][0.000000,1.000000,0.000000]
[-0.921436,-0.196844,0.162278][0.000000,0.000000,1.000000][0.000000,1.000000,0.000000][-1.026710,-0.282820,0.162278][0.000000,0.000000,1.000000][0.000000,1.000000,0.000000][-0.921436,-0.280841,0.162278][0.000000,0.000000,1.000000][0.000000,1.000000,0.000000]
[-1.026710,-0.282820,0.162278][0.000000,0.000000,1.000000][0.000000,1.000000,0.000000][-0.921436,-0.196844,0.162278][0.000000,0.000000,1.000000][0.000000,1.000000,0.000000][-1.166512,-0.125394,0.162278][0.000000,0.000000,1.000000][0.000000,1.000000,0.000000]
[-0.921436,-0.196844,0.162278][0.000000,0.000000,1.000000][0.000000,1.000000,0.000000][-0.857305,-0.123416,0.162278][0.000000,0.000000,1.000000][0.000000,1.000000,0.000000][-1.166512,-0.125394,0.162278][0.000000,0.000000,1.000000][0.000000,1.000000,0.000000]
[-0.857305,-0.123416,0.162278][0.000000,0.000000,1.000000][0.000000,1.000000,0.000000][-1.277663,0.010637,0.162278][0.000000,0.000000,1.000000][0.000000,1.000000,0.000000][-1.166512,-0.125394,0.162278][0.000000,0.000000,1.000000][0.000000,1.000000,0.000000]
[-1.277663,-0.126316,0.162278][0.000000,0.000000,1.000000][0.000000,1.000000,0.000000][-1.166512,-0.125394,0.162278][0.000000,0.000000,1.000000][0.000000,1.000000,0.000000][-1.277663,0.010637,0.162278][0.000000,0.000000,1.000000][0.000000,1.000000,0.000000]
[-1.277663,0.010637,0.162278][0.000000,0.000000,1.000000][0.000000,1.000000,0.000000][-0.857305,-0.123416,0.162278][0.000000,0.000000,1.000000][0.000000,1.000000,0.000000][-0.367369,0.010637,0.162278][0.000000,-0.133801,0.991008][0.000000,1.000000,0.000000]
[-0.367369,0.010637,0.162278][0.000000,-0.133801,0.991008][0.000000,1.000000,0.000000][-0.857305,-0.123416,0.162278][0.000000,0.000000,1.000000][0.000000,1.000000,0.000000][-0.573533,-0.121437,0.162278][0.000000,0.000000,1.000000][0.000000,1.000000,0.000000]
[-0.367369,0.010637,0.162278][0.000000,-0.133801,0.991008][0.000000,1.000000,0.000000][1.811454,0.105266,0.202848][0.000000,-0.037100,0.999312][0.000000,1.000000,0.000000][-0.367369,0.105266,0.202848][0.000000,0.069001,0.997617][0.000000,1.000000,0.000000]
[-0.367369,0.105266,0.202848][0.000000,0.069001,0.997617][0.000000,1.000000,0.000000][1.811454,0.105266,0.202848][0.000000,-0.037100,0.999312][0.000000,1.000000,0.000000][1.681235,0.306857,0.081139][0.000000,0.516803,0.856104][0.000000,1.000000,0.000000]
[-0.367369,0.105266,0.202848][0.000000,0.069001,0.997617][0.000000,1.000000,0.000000][1.681235,0.306857,0.081139][0.000000,0.516803,0.856104][0.000000,1.000000,0.000000][-0.367369,0.306857,0.081139][0.000000,0.516803,0.856104][0.000000,1.000000,0.000000]
[-0.367369,0.010637,0.162278][0.000000,-0.133801,0.991008][0.000000,1.000000,0.000000][1.811454,0.010637,0.162278][0.000000,-0.210806,0.977528][0.000000,1.000000,0.000000][1.811454,0.105266,0.202848][0.000000,-0.037100,0.999312][0.000000,1.000000,0.000000]
[-0.367369,0.010637,0.162278][0.000000,-0.133801,0.991008][0.000000,1.000000,0.000000][0.319997,-0.210312,0.162278][0.000000,0.000000,1.000000][0.000000,1.000000,0.000000][1.811454,0.010637,0.162278][0.000000,-0.210806,0.977528][0.000000,1.000000,0.000000]
[1.811454,0.010637,0.162278][0.000000,-0.210806,0.977528][0.000000,1.000000,0.000000][0.319997,-0.210312,0.162278][0.000000,0.000000,1.000000][0.000000,1.000000,0.000000][0.886610,-0.381664,0.162278][0.000000,0.000000,1.000000][0.000000,1.000000,0.000000]
[0.364912,-0.355006,0.162278][0.000000,0.000000,1.000000][0.000000,1.000000,0.000000][0.886610,-0.381664,0.162278][0.000000,0.000000,1.000000][0.000000,1.000000,0.000000][0.319997,-0.210312,0.162278][0.000000,0.000000,1.000000][0.000000,1.000000,0.000000]
[0.886610,-0.381664,0.162278][0.000000,0.000000,1.000000][0.000000,1.000000,0.000000][0.364912,-0.355006,0.162278][0.000000,0.000000,1.000000][0.000000,1.000000,0.000000][0.857217,-0.496118,0.162278][0.000000,0.000000,1.000000][0.000000,1.000000,0.000000]
[1.351047,-0.717647,0.162278][0.000000,0.000000,1.000000][0.000000,1.000000,0.000000][1.811454,0.010637,0.162278][0.000000,-0.210806,0.977528][0.000000,1.000000,0.000000][0.886610,-0.381664,0.162278][0.000000,0.000000,1.000000][0.000000,1.000000,0.000000]
[1.811454,0.010637,0.162278][0.000000,-0.210806,0.977528][0.000000,1.000000,0.000000][1.351047,-0.717647,0.162278][0.000000,0.000000,1.000000][0.000000,1.000000,0.000000][1.713609,-0.717647,0.162278][0.000000,0.000000,1.000000][0.000000,1.000000,0.000000]
[1.351047,-0.717647,0.162278][0.000000,0.000000,1.000000][0.000000,1.000000,0.000000][1.710535,-0.789443,0.162278][0.000000,0.000000,1.000000][0.000000,1.000000,0.000000][1.713609,-0.717647,0.162278][0.000000,0.000000,1.000000][0.000000,1.000000,0.000000]
[1.710535,-0.789443,0.162278][0.000000,0.000000,1.000000][0.000000,1.000000,0.000000][1.351047,-0.717647,0.162278][0.000000,0.000000,1.000000][0.000000,1.000000,0.000000][1.701244,-0.859999,0.162278][0.000000,0.000000,1.000000][0.000000,1.000000,0.000000]
[1.701244,-0.859999,0.162278][0.000000,0.000000,1.000000][0.000000,1.000000,0.000000][1.351047,-0.717647,0.162278][0.000000,0.000000,1.000000][0.000000,1.000000,0.000000][1.286026,-0.859999,0.162278][0.000000,0.000000,1.000000][0.000000,1.000000,0.000000]
[1.286026,-0.859999,0.162278][0.000000,0.000000,1.000000][0.000000,1.000000,0.000000][1.351047,-0.717647,0.162278][0.000000,0.000000,1.000000][0.000000,1.000000,0.000000][1.286026,-0.789443,0.162278][0.000000,0.000000,1.000000][0.000000,1.000000,0.000000]
[1.681235,0.306857,-0.081139][0.000000,0.516803,-0.856104][0.000000,1.000000,0.000000][-0.367369,0.105266,-0.202848][0.000000,0.069001,-0.997617][0.000000,1.000000,0.000000][-0.367369,0.306857,-0.081139][0.000000,0.516803,-0.856104][0.000000,1.000000,0.000000]
[-0.367369,0.105266,-0.202848][0.000000,0.069001,-0.997617][0.000000,1.000000,0.000000][1.681235,0.306857,-0.081139][0.000000,0.516803,-0.856104][0.000000,1.000000,0.000000][1.811454,0.105266,-0.202848][0.000000,-0.037100,-0.999312][0.000000,1.000000,0.000000]
[-0.367369,0.105266,-0.202848][0.000000,0.069001,-0.997617][0.000000,1.000000,0.000000][1.811454,0.105266,-0.202848][0.000000,-0.037100,-0.999312][0.000000,1.000000,0.000000][-0.367369,0.010637,-0.162278][0.000000,-0.133801,-0.991008][0.000000,1.000000,0.000000]
[1.811454,0.010637,-0.162278][0.000000,-0.210806,-0.977528][0.000000,1.000000,0.000000][-0.367369,0.010637,-0.162278][0.000000,-0.133801,-0.991008][0.000000,1.000000,0.000000][1.811454,0.105266,-0.202848][0.000000,-0.037100,-0.999312][0.000000,1.000000,0.000000]
[-0.367369,0.010637,-0.162278][0.000000,-0.133801,-0.991008][0.000000,1.000000,0.000000][1.811454,0.010637,-0.162278][0.000000,-0.210806,-0.977528][0.000000,1.000000,0.000000][0.319997,-0.210312,-0.162278][0.000000,0.000000,-1.000000][0.000000,1.000000,0.000000]
[0.319997,-0.210312,-0.162278][0.000000,0.000000,-1.000000][0.000000,1.000000,0.000000][1.811454,0.010637,-0.162278][0.000000,-0.210806,-0.977528][0.000000,1.000000,0.000000][0.886610,-0.381664,-0.162278][0.000000,0.000000,-1.000000][0.000000,1.000000,0.000000]
[0.886610,-0.381664,-0.162278][0.000000,0.000000,-1.000000][0.000000,1.000000,0.000000][0.364912,-0.355006,-0.162278][0.000000,0.000000,-1.000000][0.000000,1.000000,0.000000][0.319997,-0.210312,-0.162278][0.000000,0.000000,-1.000000][0.000000,1.000000,0.000000]
[0.364912,-0.355006,-0.162278][0.000000,0.000000,-1.000000][0.000000,1.000000,0.000000][0.886610,-0.381664,-0.162278][0.000000,0.000000,-1.000000][0.000000,1.000000,0.000000][0.857217,-0.496118,-0.162278][0.000000,0.000000,-1.000000][0.000000,1.000000,0.000000]
[-0.367369,0.010637,-0.162278][0.000000,-0.133801,-0.991008][0.000000,1.000000,0.000000][0.319997,-0.210312,-0.162278][0.000000,0.000000,-1.000000][0.000000,1.000000,0.000000][-0.165565,-0.126316,-0.162278][0.000000,0.000000,-1.000000][0.000000,1.000000,0.000000]
[1.811454,0.010637,-0.162278][0.000000,-0.210806,-0.977528][0.000000,1.000000,0.000000][1.351047,-0.717647,-0.162278][0.000000,0.000000,-1.000000][0.000000,1.000000,0.000000][0.886610,-0.381664,-0.162278][0.000000,0.000000,-1.000000][0.000000,1.000000,0.000000]
[-0.314733,-0.210312,-0.162278][0.000000,0.000000,-1.000000][0.000000,1.000000,0.000000][-0.367369,0.010637,-0.162278][0.000000,-0.133801,-0.991008][0.000000,1.000000,0.000000][-0.165565,-0.126316,-0.162278][0.000000,0.000000,-1.000000][0.000000,1.000000,0.000000]
[1.811454,0.010637,-0.162278][0.000000,-0.210806,-0.977528][0.000000,1.000000,0.000000][1.713609,-0.717647,-0.162278][0.000000,0.000000,-1.000000][0.000000,1.000000,0.000000][1.351047,-0.717647,-0.162278][0.000000,0.000000,-1.000000][0.000000,1.000000,0.000000]
[1.710535,-0.789443,-0.162278][0.000000,0.000000,-1.000000][0.000000,1.000000,0.000000][1.351047,-0.717647,-0.162278][0.000000,0.000000,-1.000000][0.000000,1.000000,0.000000][1.713609,-0.717647,-0.162278][0.000000,0.000000,-1.000000][0.000000,1.000000,0.000000]
[1.701244,-0.859999,-0.162278][0.000000,0.000000,-1.000000][0.000000,1.000000,0.000000][1.351047,-0.717647,-0.162278][0.000000,0.000000,-1.000000][0.000000,1.000000,0.000000][1.710535,-0.789443,-0.162278][0.000000,0.000000,-1.000000][0.000000,1.000000,0.000000]
[1.286026,-0.859999,-0.162278][0.000000,0.000000,-1.000000][0.000000,1.000000,0.000000][1.351047,-0.717647,-0.162278][0.000000,0.000000,-1.000000][0.000000,1.000000,0.000000][1.701244,-0.859999,-0.162278][0.000000,0.000000,-1.000000][0.000000,1.000000,0.000000]
[1.351047,-0.717647,-0.162278][0.000000,0.000000,-1.000000][0.000000,1.000000,0.000000][1.286026,-0.859999,-0.162278][0.000000,0.000000,-1.000000][0.000000,1.000000,0.000000][1.286026,-0.789443,-0.162278][0.000000,0.000000,-1.000000][0.000000,1.000000,0.000000]
[-0.367369,0.010637,-0.162278][0.000000,-0.133801,-0.991008][0.000000,1.000000,0.000000][-0.314733,-0.210312,-0.162278][0.000000,0.000000,-1.000000][0.000000,1.000000,0.000000][-0.573533,-0.121437,-0.162278][0.000000,0.000000,-1.000000][0.000000,1.000000,0.000000]
[-0.573533,-0.279930,-0.162278][0.000000,0.000000,-1.000000][0.000000,1.000000,0.000000][-0.573533,-0.121437,-0.162278][0.000000,0.000000,-1.000000][0.000000,1.000000,0.000000][-0.314733,-0.210312,-0.162278][0.000000,0.000000,-1.000000][0.000000,1.000000,0.000000]
[-0.857305,-0.123416,-0.162278][0.000000,0.000000,-1.000000][0.000000,1.000000,0.000000][-0.367369,0.010637,-0.162278][0.000000,-0.133801,-0.991008][0.000000,1.000000,0.000000][-0.573533,-0.121437,-0.162278][0.000000,0.000000,-1.000000][0.000000,1.000000,0.000000]
[-0.573533,-0.279930,-0.162278][0.000000,0.000000,-1.000000][0.000000,1.000000,0.000000][-0.314733,-0.210312,-0.162278][0.000000,0.000000,-1.000000][0.000000,1.000000,0.000000][-0.304479,-0.279930,-0.162278][0.000000,0.000000,-1.000000][0.000000,1.000000,0.000000]
[-0.367369,0.010637,-0.162278][0.000000,-0.133801,-0.991008][0.000000,1.000000,0.000000][-0.857305,-0.123416,-0.162278][0.000000,0.000000,-1.000000][0.000000,1.000000,0.000000][-1.277663,0.010637,-0.162278][0.000000,0.000000,-1.000000][0.000000,1.000000,0.000000]
[-0.432024,-0.632665,-0.162278][0.000000,0.000000,-1.000000][0.000000,1.000000,0.000000][-0.573533,-0.279930,-0.162278][0.000000,0.000000,-1.000000][0.000000,1.000000,0.000000][-0.304479,-0.279930,-0.162278][0.000000,0.000000,-1.000000][0.000000,1.000000,0.000000]
[-0.304479,-0.279930,-0.162278][0.000000,0.000000,-1.000000][0.000000,1.000000,0.000000][-0.168097,-0.693864,-0.162278][0.000000,0.000000,-1.000000][0.000000,1.000000,0.000000][-0.432024,-0.632665,-0.162278][0.000000,0.000000,-1.000000][0.000000,1.000000,0.000000]
[-0.168097,-0.785108,-0.162278][0.000000,0.000000,-1.000000][0.000000,1.000000,0.000000][-0.432024,-0.632665,-0.162278][0.000000,0.000000,-1.000000][0.000000,1.000000,0.000000][-0.168097,-0.693864,-0.162278][0.000000,0.000000,-1.000000][0.000000,1.000000,0.000000]
[-0.432024,-0.632665,-0.162278][0.000000,0.000000,-1.000000][0.000000,1.000000,0.000000][-0.168097,-0.785108,-0.162278][0.000000,0.000000,-1.000000][0.000000,1.000000,0.000000][-0.493550,-0.706105,-0.162278][0.000000,0.000000,-1.000000][0.000000,1.000000,0.000000]
[-0.493550,-0.706105,-0.162278][0.000000,0.000000,-1.000000][0.000000,1.000000,0.000000][-0.168097,-0.785108,-0.162278][0.000000,0.000000,-1.000000][0.000000,1.000000,0.000000][-0.628514,-0.785108,-0.162278][0.000000,0.000000,-1.000000][0.000000,1.000000,0.000000]
[-0.628514,-0.785108,-0.162278][0.000000,0.000000,-1.000000][0.000000,1.000000,0.000000][-0.656285,-0.707974,-0.162278][0.000000,0.000000,-1.000000][0.000000,1.000000,0.000000][-0.493550,-0.706105,-0.162278][0.000000,0.000000,-1.000000][0.000000,1.000000,0.000000]
[-0.628514,-0.785108,-0.162278][0.000000,0.000000,-1.000000][0.000000,1.000000,0.000000][-0.769355,-0.710679,-0.162278][0.000000,0.000000,-1.000000][0.000000,1.000000,0.000000][-0.656285,-0.707974,-0.162278][0.000000,0.000000,-1.000000][0.000000,1.000000,0.000000]
[-0.921436,-0.280841,-0.162278][0.000000,0.000000,-1.000000][0.000000,1.000000,0.000000][-0.656285,-0.707974,-0.162278][0.000000,0.000000,-1.000000][0.000000,1.000000,0.000000][-0.769355,-0.710679,-0.162278][0.000000,0.000000,-1.000000][0.000000,1.000000,0.000000]
[-0.769355,-0.710679,-0.162278][0.000000,0.000000,-1.000000][0.000000,1.000000,0.000000][-1.006002,-0.316418,-0.162278][0.000000,0.000000,-1.000000][0.000000,1.000000,0.000000][-0.921436,-0.280841,-0.162278][0.000000,0.000000,-1.000000][0.000000,1.000000,0.000000]
[-0.921436,-0.280841,-0.162278][0.000000,0.000000,-1.000000][0.000000,1.000000,0.000000][-1.006002,-0.316418,-0.162278][0.000000,0.000000,-1.000000][0.000000,1.000000,0.000000][-1.026710,-0.282820,-0.162278][0.000000,0.000000,-1.000000][0.000000,1.000000,0.000000]
[-1.026710,-0.282820,-0.162278][0.000000,0.000000,-1.000000][0.000000,1.000000,0.000000][-0.921436,-0.196844,-0.162278][0.000000,0.000000,-1.000000][0.000000,1.000000,0.000000][-0.921436,-0.280841,-0.162278][0.000000,0.000000,-1.000000][0.000000,1.000000,0.000000]
[-1.166512,-0.125394,-0.162278][0.000000,0.000000,-1.000000][0.000000,1.000000,0.000000][-0.921436,-0.196844,-0.162278][0.000000,0.000000,-1.000000][0.000000,1.000000,0.000000][-1.026710,-0.282820,-0.162278][0.000000,0.000000,-1.000000][0.000000,1.000000,0.000000]
[-0.921436,-0.196844,-0.162278][0.000000,0.000000,-1.000000][0.000000,1.000000,0.000000][-1.166512,-0.125394,-0.162278][0.000000,0.000000,-1.000000][0.000000,1.000000,0.000000][-0.857305,-0.123416,-0.162278][0.000000,0.000000,-1.000000][0.000000,1.000000,0.000000]
[-1.277663,0.010637,-0.162278][0.000000,0.000000,-1.000000][0.000000,1.000000,0.000000][-0.857305,-0.123416,-0.162278][0.000000,0.000000,-1.000000][0.000000,1.000000,0.000000][-1.166512,-0.125394,-0.162278][0.000000,0.000000,-1.000000][0.000000,1.000000,0.000000]
[-1.277663,0.010637,-0.162278][0.000000,0.000000,-1.000000][0.000000,1.000000,0.000000][-1.166512,-0.125394,-0.162278][0.000000,0.000000,-1.000000][0.000000,1.000000,0.000000][-1.277663,-0.126316,-0.162278][0.000000,0.000000,-1.000000][0.000000,1.000000,0.000000]
[-0.314733,-0.210312,0.162278][0.906975,-0.421184,0.000000][0.000000,1.000000,0.000000][-0.314733,-0.210312,-0.162278][0.906975,-0.421184,0.000000][0.000000,1.000000,0.000000][-0.165565,-0.126316,-0.162278][0.172794,-0.984958,0.000000][0.000000,1.000000,0.000000]
[-0.314733,-0.210312,-0.162278][0.906975,-0.421184,0.000000][0.000000,1.000000,0.000000][-0.314733,-0.210312,0.162278][0.906975,-0.421184,0.000000][0.000000,1.000000,0.000000][-0.304479,-0.279930,0.162278][0.973217,0.229887,0.000000][0.000000,1.000000,0.000000]
[-0.165565,-0.126316,-0.162278][0.172794,-0.984958,0.000000][0.000000,1.000000,0.000000][-0.165565,-0.126316,0.162278][0.172794,-0.984958,0.000000][0.000000,1.000000,0.000000][-0.314733,-0.210312,0.162278][0.906975,-0.421184,0.000000][0.000000,1.000000,0.000000]
[-0.165565,-0.126316,-0.162278][0.172794,-0.984958,0.000000][0.000000,1.000000,0.000000][0.319997,-0.210312,-0.162278][-0.170431,-0.985370,0.000000][0.000000,1.000000,0.000000][-0.165565,-0.126316,0.162278][0.172794,-0.984958,0.000000][0.000000,1.000000,0.000000]
[0.319997,-0.210312,-0.162278][-0.170431,-0.985370,0.000000][0.000000,1.000000,0.000000][0.319997,-0.210312,0.162278][-0.170431,-0.985370,0.000000][0.000000,1.000000,0.000000][-0.165565,-0.126316,0.162278][0.172794,-0.984958,0.000000][0.000000,1.000000,0.000000]
[-0.304479,-0.279930,0.162278][0.973217,0.229887,0.000000][0.000000,1.000000,0.000000][-0.304479,-0.279930,-0.162278][0.973217,0.229887,0.000000][0.000000,1.000000,0.000000][-0.314733,-0.210312,-0.162278][0.906975,-0.421184,0.000000][0.000000,1.000000,0.000000]
[-0.304479,-0.279930,-0.162278][0.973217,0.229887,0.000000][0.000000,1.000000,0.000000][-0.304479,-0.279930,0.162278][0.973217,0.229887,0.000000][0.000000,1.000000,0.000000][-0.168097,-0.693864,0.162278][0.987479,0.157748,0.000000][0.000000,1.000000,0.000000]
[-0.168097,-0.693864,-0.162278][0.987479,0.157748,0.000000][0.000000,1.000000,0.000000][-0.304479,-0.279930,-0.162278][0.973217,0.229887,0.000000][0.000000,1.000000,0.000000][-0.168097,-0.693864,0.162278][0.987479,0.157748,0.000000][0.000000,1.000000,0.000000]
[-0.168097,-0.693864,-0.162278][0.987479,0.157748,0.000000][0.000000,1.000000,0.000000][-0.168097,-0.693864,0.162278][0.987479,0.157748,0.000000][0.000000,1.000000,0.000000][-0.168097,-0.785108,0.162278][1.000000,0.000000,0.000000][0.000000,1.000000,0.000000]
[-0.168097,-0.785108,0.162278][1.000000,0.000000,0.000000][0.000000,1.000000,0.000000][-0.168097,-0.785108,-0.162278][1.000000,0.000000,0.000000][0.000000,1.000000,0.000000][-0.168097,-0.693864,-0.162278][0.987479,0.157748,0.000000][0.000000,1.000000,0.000000]
[-0.921436,-0.196844,0.162278][0.938664,-0.344834,0.000000][0.000000,1.000000,0.000000][-0.921436,-0.196844,-0.162278][0.938664,-0.344834,0.000000][0.000000,1.000000,0.000000][-0.857305,-0.123416,-0.162278][0.425931,-0.904756,0.000000][0.000000,1.000000,0.000000]
[-0.921436,-0.196844,-0.162278][0.938664,-0.344834,0.000000][0.000000,1.000000,0.000000][-0.921436,-0.196844,0.162278][0.938664,-0.344834,0.000000][0.000000,1.000000,0.000000][-0.921436,-0.280841,0.162278][0.962600,0.270928,0.000000][0.000000,1.000000,0.000000]
[-0.857305,-0.123416,-0.162278][0.425931,-0.904756,0.000000][0.000000,1.000000,0.000000][-0.857305,-0.123416,0.162278][0.425931,-0.904756,0.000000][0.000000,1.000000,0.000000][-0.921436,-0.196844,0.162278][0.938664,-0.344834,0.000000][0.000000,1.000000,0.000000]
[-0.857305,-0.123416,-0.162278][0.425931,-0.904756,0.000000][0.000000,1.000000,0.000000][-0.573533,-0.121437,-0.162278][0.006945,-0.999976,0.000000][0.000000,1.000000,0.000000][-0.857305,-0.123416,0.162278][0.425931,-0.904756,0.000000][0.000000,1.000000,0.000000]
[-0.573533,-0.121437,-0.162278][0.006945,-0.999976,0.000000][0.000000,1.000000,0.000000][-0.573533,-0.121437,0.162278][0.006945,-0.999976,0.000000][0.000000,1.000000,0.000000][-0.857305,-0.123416,0.162278][0.425931,-0.904756,0.000000][0.000000,1.000000,0.000000]
[-0.921436,-0.280841,0.162278][0.962600,0.270928,0.000000][0.000000,1.000000,0.000000][-0.921436,-0.280841,-0.162278][0.962600,0.270928,0.000000][0.000000,1.000000,0.000000][-0.921436,-0.196844,-0.162278][0.938664,-0.344834,0.000000][0.000000,1.000000,0.000000]
[-0.921436,-0.280841,-0.162278][0.962600,0.270928,0.000000][0.000000,1.000000,0.000000][-0.921436,-0.280841,0.162278][0.962600,0.270928,0.000000][0.000000,1.000000,0.000000][-0.656285,-0.707974,0.162278][0.495259,0.868745,0.000000][0.000000,1.000000,0.000000]
[-0.656285,-0.707974,-0.162278][0.495259,0.868745,0.000000][0.000000,1.000000,0.000000][-0.921436,-0.280841,-0.162278][0.962600,0.270928,0.000000][0.000000,1.000000,0.000000][-0.656285,-0.707974,0.162278][0.495259,0.868745,0.000000][0.000000,1.000000,0.000000]
[-0.493550,-0.706105,0.162278][-0.437771,0.899086,0.000000][0.000000,1.000000,0.000000][-0.656285,-0.707974,-0.162278][0.495259,0.868745,0.000000][0.000000,1.000000,0.000000][-0.656285,-0.707974,0.162278][0.495259,0.868745,0.000000][0.000000,1.000000,0.000000]
[-0.656285,-0.707974,-0.162278][0.495259,0.868745,0.000000][0.000000,1.000000,0.000000][-0.493550,-0.706105,0.162278][-0.437771,0.899086,0.000000][0.000000,1.000000,0.000000][-0.493550,-0.706105,-0.162278][-0.437771,0.899086,0.000000][0.000000,1.000000,0.000000]
[-0.432024,-0.632665,0.162278][-0.988621,0.150427,0.000000][0.000000,1.000000,0.000000][-0.493550,-0.706105,-0.162278][-0.437771,0.899086,0.000000][0.000000,1.000000,0.000000][-0.493550,-0.706105,0.162278][-0.437771,0.899086,0.000000][0.000000,1.000000,0.000000]
[-0.493550,-0.706105,-0.162278][-0.437771,0.899086,0.000000][0.000000,1.000000,0.000000][-0.432024,-0.632665,0.162278][-0.988621,0.150427,0.000000][0.000000,1.000000,0.000000][-0.432024,-0.632665,-0.162278][-0.988621,0.150427,0.000000][0.000000,1.000000,0.000000]
[-0.573533,-0.279930,0.162278][-0.982075,-0.188493,0.000000][0.000000,1.000000,0.000000][-0.432024,-0.632665,-0.162278][-0.988621,0.150427,0.000000][0.000000,1.000000,0.000000][-0.432024,-0.632665,0.162278][-0.988621,0.150427,0.000000][0.000000,1.000000,0.000000]
[-0.432024,-0.632665,-0.162278][-0.988621,0.150427,0.000000][0.000000,1.000000,0.000000][-0.573533,-0.279930,0.162278][-0.982075,-0.188493,0.000000][0.000000,1.000000,0.000000][-0.573533,-0.279930,-0.162278][-0.982075,-0.188493,0.000000][0.000000,1.000000,0.000000]
[-0.573533,-0.121437,0.162278][-1.000000,0.000000,0.000000][0.000000,1.000000,0.000000][-0.573533,-0.279930,-0.162278][-0.982075,-0.188493,0.000000][0.000000,1.000000,0.000000][-0.573533,-0.279930,0.162278][-0.982075,-0.188493,0.000000][0.000000,1.000000,0.000000]
[-0.573533,-0.279930,-0.162278][-0.982075,-0.188493,0.000000][0.000000,1.000000,0.000000][-0.573533,-0.121437,0.162278][-1.000000,0.000000,0.000000][0.000000,1.000000,0.000000][-0.573533,-0.121437,-0.162278][-1.000000,0.000000,0.000000][0.000000,1.000000,0.000000]
[-1.487306,-0.236936,0.084430][0.000000,1.000000,0.000000][0.000000,1.000000,0.000000][-1.487306,-0.236936,-0.083563][0.000000,1.000000,0.000000][0.000000,1.000000,0.000000][-1.536678,-0.236936,-0.030667][0.000000,1.000000,0.000000][0.000000,1.000000,0.000000]
[-1.487306,-0.236936,0.084430][0.000000,1.000000,0.000000][0.000000,1.000000,0.000000][-1.536678,-0.236936,-0.030667][0.000000,1.000000,0.000000][0.000000,1.000000,0.000000][-1.536678,-0.236936,0.031534][0.000000,1.000000,0.000000][0.000000,1.000000,0.000000]
[-1.487306,-0.236936,-0.083563][0.000000,1.000000,0.000000][0.000000,1.000000,0.000000][-1.487306,-0.236936,0.084430][0.000000,1.000000,0.000000][0.000000,1.000000,0.000000][-1.325875,-0.236936,-0.083563][0.291844,0.956466,0.000000][0.000000,1.000000,0.000000]
[-1.325875,-0.236936,-0.083563][0.291844,0.956466,0.000000][0.000000,1.000000,0.000000][-1.487306,-0.236936,0.084430][0.000000,1.000000,0.000000][0.000000,1.000000,0.000000][-1.325875,-0.236936,0.084430][0.291844,0.956466,0.000000][0.000000,1.000000,0.000000]
[-1.325875,-0.236936,-0.083563][0.291844,0.956466,0.000000][0.000000,1.000000,0.000000][-1.325875,-0.236936,0.084430][0.291844,0.956466,0.000000][0.000000,1.000000,0.000000][-1.293290,-0.276700,0.031534][0.773481,0.633820,0.000000][0.000000,1.000000,0.000000]
[-1.325875,-0.236936,-0.083563][0.291844,0.956466,0.000000][0.000000,1.000000,0.000000][-1.293290,-0.276700,0.031534][0.773481,0.633820,0.000000][0.000000,1.000000,0.000000][-1.293290,-0.276700,-0.030667][0.773481,0.633820,0.000000][0.000000,1.000000,0.000000]
[0.364912,-0.355006,-0.162278][-0.275562,-0.961283,0.000000][0.000000,1.000000,0.000000][0.857217,-0.496118,-0.162278][-0.275562,-0.961283,0.000000][0.000000,1.000000,0.000000][0.364912,-0.355006,0.162278][-0.275562,-0.961283,0.000000][0.000000,1.000000,0.000000]
[0.857217,-0.496118,-0.162278][-0.275562,-0.961283,0.000000][0.000000,1.000000,0.000000][0.857217,-0.496118,0.162278][-0.275562,-0.961283,0.000000][0.000000,1.000000,0.000000][0.364912,-0.355006,0.162278][-0.275562,-0.961283,0.000000][0.000000,1.000000,0.000000]
[-1.277663,-0.126316,0.162278][0.008247,-0.999966,0.000000][0.000000,1.000000,0.000000][-1.277663,-0.126316,-0.162278][0.008247,-0.999966,0.000000][0.000000,1.000000,0.000000][-1.166512,-0.125394,-0.162278][0.008247,-0.999966,0.000000][0.000000,1.000000,0.000000]
[-1.166512,-0.125394,-0.162278][0.008247,-0.999966,0.000000][0.000000,1.000000,0.000000][-1.166512,-0.125394,0.162278][0.008247,-0.999966,0.000000][0.000000,1.000000,0.000000][-1.277663,-0.126316,0.162278][0.008247,-0.999966,0.000000][0.000000,1.000000,0.000000]
[0.886610,-0.381664,-0.162278][-0.586106,-0.810234,0.000000][0.000000,1.000000,0.000000][1.351047,-0.717647,-0.162278][-0.586106,-0.810234,0.000000][0.000000,1.000000,0.000000][0.886610,-0.381664,0.162278][-0.586106,-0.810234,0.000000][0.000000,1.000000,0.000000]
[1.351047,-0.717647,-0.162278][-0.586106,-0.810234,0.000000][0.000000,1.000000,0.000000][1.351047,-0.717647,0.162278][-0.586106,-0.810234,0.000000][0.000000,1.000000,0.000000][0.886610,-0.381664,0.162278][-0.586106,-0.810234,0.000000][0.000000,1.000000,0.000000]
[0.364912,-0.355006,-0.162278][-0.955052,-0.296439,0.000000][0.000000,1.000000,0.000000][0.319997,-0.210312,0.162278][-0.955052,-0.296439,0.000000][0.000000,1.000000,0.000000][0.319997,-0.210312,-0.162278][-0.955052,-0.296439,0.000000][0.000000,1.000000,0.000000]
[0.319997,-0.210312,0.162278][-0.955052,-0.296439,0.000000][0.000000,1.000000,0.000000][0.364912,-0.355006,-0.162278][-0.955052,-0.296439,0.000000][0.000000,1.000000,0.000000][0.364912,-0.355006,0.162278][-0.955052,-0.296439,0.000000][0.000000,1.000000,0.000000]
[1.286026,-0.789443,-0.162278][-0.935687,0.352830,0.000000][0.000000,1.000000,0.000000][1.351047,-0.717647,0.162278][-0.741207,0.671276,0.000000][0.000000,1.000000,0.000000][1.351047,-0.717647,-0.162278][-0.741207,0.671276,0.000000][0.000000,1.000000,0.000000]
[1.351047,-0.717647,0.162278][-0.741207,0.671276,0.000000][0.000000,1.000000,0.000000][1.286026,-0.789443,-0.162278][-0.935687,0.352830,0.000000][0.000000,1.000000,0.000000][1.286026,-0.789443,0.162278][-0.935687,0.352830,0.000000][0.000000,1.000000,0.000000]
[1.286026,-0.859999,-0.162278][-1.000000,0.000000,0.000000][0.000000,1.000000,0.000000][1.286026,-0.789443,0.162278][-0.935687,0.352830,0.000000][0.000000,1.000000,0.000000][1.286026,-0.789443,-0.162278][-0.935687,0.352830,0.000000][0.000000,1.000000,0.000000]
[1.286026,-0.789443,0.162278][-0.935687,0.352830,0.000000][0.000000,1.000000,0.000000][1.286026,-0.859999,-0.162278][-1.000000,0.000000,0.000000][0.000000,1.000000,0.000000][1.286026,-0.859999,0.162278][-1.000000,0.000000,0.000000][0.000000,1.000000,0.000000]
[1.497755,-0.104487,-0.169351][-0.735365,0.677671,0.000000][0.000000,1.000000,0.000000][1.528695,-0.090580,0.169351][0.000000,1.000000,0.000000][0.000000,1.000000,0.000000][1.528695,-0.090580,-0.169351][0.000000,1.000000,0.000000][0.000000,1.000000,0.000000]
[1.559637,-0.104487,0.169351][0.735365,0.677671,0.000000][0.000000,1.000000,0.000000][1.528695,-0.090580,-0.169351][0.000000,1.000000,0.000000][0.000000,1.000000,0.000000][1.528695,-0.090580,0.169351][0.000000,1.000000,0.000000][0.000000,1.000000,0.000000]
[1.528695,-0.090580,0.169351][0.000000,1.000000,0.000000][0.000000,1.000000,0.000000][1.497755,-0.104487,-0.169351][-0.735365,0.677671,0.000000][0.000000,1.000000,0.000000][1.497755,-0.104487,0.169351][-0.735365,0.677671,0.000000][0.000000,1.000000,0.000000]
[1.528695,-0.090580,-0.169351][0.000000,1.000000,0.000000][0.000000,1.000000,0.000000][1.559637,-0.104487,0.169351][0.735365,0.677671,0.000000][0.000000,1.000000,0.000000][1.559637,-0.104487,-0.169351][0.735365,0.677671,0.000000][0.000000,1.000000,0.000000]
[1.484938,-0.138063,-0.169351][-1.000000,0.000000,0.000000][0.000000,1.000000,0.000000][1.497755,-0.104487,0.169351][-0.735365,0.677671,0.000000][0.000000,1.000000,0.000000][1.497755,-0.104487,-0.169351][-0.735365,0.677671,0.000000][0.000000,1.000000,0.000000]
[1.572454,-0.138063,0.169351][1.000000,0.000000,0.000000][0.000000,1.000000,0.000000][1.559637,-0.104487,-0.169351][0.735365,0.677671,0.000000][0.000000,1.000000,0.000000][1.559637,-0.104487,0.169351][0.735365,0.677671,0.000000][0.000000,1.000000,0.000000]
[1.497755,-0.104487,0.169351][-0.735365,0.677671,0.000000][0.000000,1.000000,0.000000][1.484938,-0.138063,-0.169351][-1.000000,0.000000,0.000000][0.000000,1.000000,0.000000][1.484938,-0.138063,0.169351][-1.000000,0.000000,0.000000][0.000000,1.000000,0.000000]
[1.559637,-0.104487,-0.169351][0.735365,0.677671,0.000000][0.000000,1.000000,0.000000][1.572454,-0.138063,0.169351][1.000000,0.000000,0.000000][0.000000,1.000000,0.000000][1.572454,-0.138063,-0.169351][1.000000,0.000000,0.000000][0.000000,1.000000,0.000000]
[1.497755,-0.171639,-0.169351][-0.735365,-0.677671,0.000000][0.000000,1.000000,0.000000][1.484938,-0.138063,0.169351][-1.000000,0.000000,0.000000][0.000000,1.000000,0.000000][1.484938,-0.138063,-0.169351][-1.000000,0.000000,0.000000][0.000000,1.000000,0.000000]
[1.559637,-0.171639,0.169351][0.735365,-0.677671,0.000000][0.000000,1.000000,0.000000][1.572454,-0.138063,-0.169351][1.000000,0.000000,0.000000][0.000000,1.000000,0.000000][1.572454,-0.138063,0.169351][1.000000,0.000000,0.000000][0.000000,1.000000,0.000000]
[1.484938,-0.138063,0.169351][-1.000000,0.000000,0.000000][0.000000,1.000000,0.000000][1.497755,-0.171639,-0.169351][-0.735365,-0.677671,0.000000][0.000000,1.000000,0.000000][1.497755,-0.171639,0.169351][-0.735365,-0.677671,0.000000][0.000000,1.000000,0.000000]
[1.572454,-0.138063,-0.169351][1.000000,0.000000,0.000000][0.000000,1.000000,0.000000][1.559637,-0.171639,0.169351][0.735365,-0.677671,0.000000][0.000000,1.000000,0.000000][1.559637,-0.171639,-0.169351][0.735365,-0.677671,0.000000][0.000000,1.000000,0.000000]
[1.528695,-0.185547,-0.169351][0.000000,-1.000000,0.000000][0.000000,1.000000,0.000000][1.497755,-0.171639,0.169351][-0.735365,-0.677671,0.000000][0.000000,1.000000,0.000000][1.497755,-0.171639,-0.169351][-0.735365,-0.677671,0.000000][0.000000,1.000000,0.000000]
[1.528695,-0.185547,0.169351][0.000000,-1.000000,0.000000][0.000000,1.000000,0.000000][1.559637,-0.171639,-0.169351][0.735365,-0.677671,0.000000][0.000000,1.000000,0.000000][1.559637,-0.171639,0.169351][0.735365,-0.677671,0.000000][0.000000,1.000000,0.000000]
[1.497755,-0.171639,0.169351][-0.735365,-0.677671,0.000000][0.000000,1.000000,0.000000][1.528695,-0.185547,-0.169351][0.000000,-1.000000,0.000000][0.000000,1.000000,0.000000][1.528695,-0.185547,0.169351][0.000000,-1.000000,0.000000][0.000000,1.000000,0.000000]
[1.559637,-0.171639,-0.169351][0.735365,-0.677671,0.000000][0.000000,1.000000,0.000000][1.528695,-0.185547,0.169351][0.000000,-1.000000,0.000000][0.000000,1.000000,0.000000][1.528695,-0.185547,-0.169351][0.000000,-1.000000,0.000000][0.000000,1.000000,0.000000]
[1.526009,-0.642039,-0.169351][0.000000,0.000000,-1.000000][0.000000,1.000000,0.000000][1.482252,-0.594556,-0.169351][0.000000,0.000000,-1.000000][0.000000,1.000000,0.000000][1.513194,-0.608463,-0.169351][0.000000,0.000000,-1.000000][0.000000,1.000000,0.000000]
[1.482252,-0.594556,-0.169351][0.000000,0.000000,-1.000000][0.000000,1.000000,0.000000][1.438493,-0.642039,-0.169351][0.000000,0.000000,-1.000000][0.000000,1.000000,0.000000][1.451310,-0.608463,-0.169351][0.000000,0.000000,-1.000000][0.000000,1.000000,0.000000]
[1.438493,-0.642039,-0.169351][0.000000,0.000000,-1.000000][0.000000,1.000000,0.000000][1.482252,-0.594556,-0.169351][0.000000,0.000000,-1.000000][0.000000,1.000000,0.000000][1.451310,-0.675615,-0.169351][0.000000,0.000000,-1.000000][0.000000,1.000000,0.000000]
[1.526009,-0.642039,-0.169351][0.000000,0.000000,-1.000000][0.000000,1.000000,0.000000][1.451310,-0.675615,-0.169351][0.000000,0.000000,-1.000000][0.000000,1.000000,0.000000][1.482252,-0.594556,-0.169351][0.000000,0.000000,-1.000000][0.000000,1.000000,0.000000]
[1.451310,-0.675615,-0.169351][0.000000,0.000000,-1.000000][0.000000,1.000000,0.000000][1.526009,-0.642039,-0.169351][0.000000,0.000000,-1.000000][0.000000,1.000000,0.000000][1.482252,-0.689523,-0.169351][0.000000,0.000000,-1.000000][0.000000,1.000000,0.000000]
[1.482252,-0.689523,-0.169351][0.000000,0.000000,-1.000000][0.000000,1.000000,0.000000][1.526009,-0.642039,-0.169351][0.000000,0.000000,-1.000000][0.000000,1.000000,0.000000][1.513194,-0.675615,-0.169351][0.000000,0.000000,-1.000000][0.000000,1.000000,0.000000]
[1.451310,-0.675615,0.169351][0.000000,0.000000,1.000000][0.000000,1.000000,0.000000][1.482252,-0.594556,0.169351][0.000000,0.000000,1.000000][0.000000,1.000000,0.000000][1.438493,-0.642039,0.169351][0.000000,0.000000,1.000000][0.000000,1.000000,0.000000]
[1.438493,-0.642039,0.169351][0.000000,0.000000,1.000000][0.000000,1.000000,0.000000][1.482252,-0.594556,0.169351][0.000000,0.000000,1.000000][0.000000,1.000000,0.000000][1.451310,-0.608463,0.169351][0.000000,0.000000,1.000000][0.000000,1.000000,0.000000]
[1.451310,-0.675615,0.169351][0.000000,0.000000,1.000000][0.000000,1.000000,0.000000][1.526009,-0.642039,0.169351][0.000000,0.000000,1.000000][0.000000,1.000000,0.000000][1.482252,-0.594556,0.169351][0.000000,0.000000,1.000000][0.000000,1.000000,0.000000]
[1.482252,-0.594556,0.169351][0.000000,0.000000,1.000000][0.000000,1.000000,0.000000][1.526009,-0.642039,0.169351][0.000000,0.000000,1.000000][0.000000,1.000000,0.000000][1.513194,-0.608463,0.169351][0.000000,0.000000,1.000000][0.000000,1.000000,0.000000]
[1.482252,-0.689523,0.169351][0.000000,0.000000,1.000000][0.000000,1.000000,0.000000][1.526009,-0.642039,0.169351][0.000000,0.000000,1.000000][0.000000,1.000000,0.000000][1.451310,-0.675615,0.169351][0.000000,0.000000,1.000000][0.000000,1.000000,0.000000]
[1.526009,-0.642039,0.169351][0.000000,0.000000,1.000000][0.000000,1.000000,0.000000][1.482252,-0.689523,0.169351][0.000000,0.000000,1.000000][0.000000,1.000000,0.000000][1.513194,-0.675615,0.169351][0.000000,0.000000,1.000000][0.000000,1.000000,0.000000]
[0.736468,-0.238858,-0.169351][0.000000,0.000000,-1.000000][0.000000,1.000000,0.000000][0.692710,-0.191375,-0.169351][0.000000,0.000000,-1.000000][0.000000,1.000000,0.000000][0.723652,-0.205283,-0.169351][0.000000,0.000000,-1.000000][0.000000,1.000000,0.000000]
[0.692710,-0.191375,-0.169351][0.000000,0.000000,-1.000000][0.000000,1.000000,0.000000][0.736468,-0.238858,-0.169351][0.000000,0.000000,-1.000000][0.000000,1.000000,0.000000][0.661768,-0.205283,-0.169351][0.000000,0.000000,-1.000000][0.000000,1.000000,0.000000]
[0.736468,-0.238858,-0.169351][0.000000,0.000000,-1.000000][0.000000,1.000000,0.000000][0.661768,-0.272434,-0.169351][0.000000,0.000000,-1.000000][0.000000,1.000000,0.000000][0.661768,-0.205283,-0.169351][0.000000,0.000000,-1.000000][0.000000,1.000000,0.000000]
[0.661768,-0.205283,-0.169351][0.000000,0.000000,-1.000000][0.000000,1.000000,0.000000][0.661768,-0.272434,-0.169351][0.000000,0.000000,-1.000000][0.000000,1.000000,0.000000][0.648951,-0.238858,-0.169351][0.000000,0.000000,-1.000000][0.000000,1.000000,0.000000]
[0.661768,-0.272434,-0.169351][0.000000,0.000000,-1.000000][0.000000,1.000000,0.000000][0.736468,-0.238858,-0.169351][0.000000,0.000000,-1.000000][0.000000,1.000000,0.000000][0.692710,-0.286342,-0.169351][0.000000,0.000000,-1.000000][0.000000,1.000000,0.000000]
[0.692710,-0.286342,-0.169351][0.000000,0.000000,-1.000000][0.000000,1.000000,0.000000][0.736468,-0.238858,-0.169351][0.000000,0.000000,-1.000000][0.000000,1.000000,0.000000][0.723652,-0.272434,-0.169351][0.000000,0.000000,-1.000000][0.000000,1.000000,0.000000]
[0.661768,-0.272434,0.169351][0.000000,0.000000,1.000000][0.000000,1.000000,0.000000][0.661768,-0.205283,0.169351][0.000000,0.000000,1.000000][0.000000,1.000000,0.000000][0.648951,-0.238858,0.169351][0.000000,0.000000,1.000000][0.000000,1.000000,0.000000]
[0.661768,-0.272434,0.169351][0.000000,0.000000,1.000000][0.000000,1.000000,0.000000][0.736468,-0.238858,0.169351][0.000000,0.000000,1.000000][0.000000,1.000000,0.000000][0.661768,-0.205283,0.169351][0.000000,0.000000,1.000000][0.000000,1.000000,0.000000]
[0.661768,-0.205283,0.169351][0.000000,0.000000,1.000000][0.000000,1.000000,0.000000][0.736468,-0.238858,0.169351][0.000000,0.000000,1.000000][0.000000,1.000000,0.000000][0.692710,-0.191375,0.169351][0.000000,0.000000,1.000000][0.000000,1.000000,0.000000]
[0.692710,-0.191375,0.169351][0.000000,0.000000,1.000000][0.000000,1.000000,0.000000][0.736468,-0.238858,0.169351][0.000000,0.000000,1.000000][0.000000,1.000000,0.000000][0.723652,-0.205283,0.169351][0.000000,0.000000,1.000000][0.000000,1.000000,0.000000]
[0.692710,-0.286342,0.169351][0.000000,0.000000,1.000000][0.000000,1.000000,0.000000][0.736468,-0.238858,0.169351][0.000000,0.000000,1.000000][0.000000,1.000000,0.000000][0.661768,-0.272434,0.169351][0.000000,0.000000,1.000000][0.000000,1.000000,0.000000]
[0.736468,-0.238858,0.169351][0.000000,0.000000,1.000000][0.000000,1.000000,0.000000][0.692710,-0.286342,0.169351][0.000000,0.000000,1.000000][0.000000,1.000000,0.000000][0.723652,-0.272434,0.169351][0.000000,0.000000,1.000000][0.000000,1.000000,0.000000]
[1.572454,-0.138063,-0.169351][0.000000,0.000000,-1.000000][0.000000,1.000000,0.000000][1.528695,-0.090580,-0.169351][0.000000,0.000000,-1.000000][0.000000,1.000000,0.000000][1.559637,-0.104487,-0.169351][0.000000,0.000000,-1.000000][0.000000,1.000000,0.000000]
[1.559637,-0.171639,-0.169351][0.000000,0.000000,-1.000000][0.000000,1.000000,0.000000][1.528695,-0.090580,-0.169351][0.000000,0.000000,-1.000000][0.000000,1.000000,0.000000][1.572454,-0.138063,-0.169351][0.000000,0.000000,-1.000000][0.000000,1.000000,0.000000]
[1.497755,-0.171639,-0.169351][0.000000,0.000000,-1.000000][0.000000,1.000000,0.000000][1.528695,-0.090580,-0.169351][0.000000,0.000000,-1.000000][0.000000,1.000000,0.000000][1.559637,-0.171639,-0.169351][0.000000,0.000000,-1.000000][0.000000,1.000000,0.000000]
[1.497755,-0.171639,-0.169351][0.000000,0.000000,-1.000000][0.000000,1.000000,0.000000][1.559637,-0.171639,-0.169351][0.000000,0.000000,-1.000000][0.000000,1.000000,0.000000][1.528695,-0.185547,-0.169351][0.000000,0.000000,-1.000000][0.000000,1.000000,0.000000]
[1.484938,-0.138063,-0.169351][0.000000,0.000000,-1.000000][0.000000,1.000000,0.000000][1.528695,-0.090580,-0.169351][0.000000,0.000000,-1.000000][0.000000,1.000000,0.000000][1.497755,-0.171639,-0.169351][0.000000,0.000000,-1.000000][0.000000,1.000000,0.000000]
[1.528695,-0.090580,-0.169351][0.000000,0.000000,-1.000000][0.000000,1.000000,0.000000][1.484938,-0.138063,-0.169351][0.000000,0.000000,-1.000000][0.000000,1.000000,0.000000][1.497755,-0.104487,-0.169351][0.000000,0.000000,-1.000000][0.000000,1.000000,0.000000]
[1.497755,-0.171639,0.169351][0.000000,0.000000,1.000000][0.000000,1.000000,0.000000][1.528695,-0.090580,0.169351][0.000000,0.000000,1.000000][0.000000,1.000000,0.000000][1.484938,-0.138063,0.169351][0.000000,0.000000,1.000000][0.000000,1.000000,0.000000]
[1.484938,-0.138063,0.169351][0.000000,0.000000,1.000000][0.000000,1.000000,0.000000][1.528695,-0.090580,0.169351][0.000000,0.000000,1.000000][0.000000,1.000000,0.000000][1.497755,-0.104487,0.169351][0.000000,0.000000,1.000000][0.000000,1.000000,0.000000]
[1.528695,-0.090580,0.169351][0.000000,0.000000,1.000000][0.000000,1.000000,0.000000][1.497755,-0.171639,0.169351][0.000000,0.000000,1.000000][0.000000,1.000000,0.000000][1.559637,-0.171639,0.169351][0.000000,0.000000,1.000000][0.000000,1.000000,0.000000]
[1.559637,-0.171639,0.169351][0.000000,0.000000,1.000000][0.000000,1.000000,0.000000][1.497755,-0.171639,0.169351][0.000000,0.000000,1.000000][0.000000,1.000000,0.000000][1.528695,-0.185547,0.169351][0.000000,0.000000,1.000000][0.000000,1.000000,0.000000]
[1.528695,-0.090580,0.169351][0.000000,0.000000,1.000000][0.000000,1.000000,0.000000][1.559637,-0.171639,0.169351][0.000000,0.000000,1.000000][0.000000,1.000000,0.000000][1.572454,-0.138063,0.169351][0.000000,0.000000,1.000000][0.000000,1.000000,0.000000]
[1.528695,-0.090580,0.169351][0.000000,0.000000,1.000000][0.000000,1.000000,0.000000][1.572454,-0.138063,0.169351][0.000000,0.000000,1.000000][0.000000,1.000000,0.000000][1.559637,-0.104487,0.169351][0.000000,0.000000,1.000000][0.000000,1.000000,0.000000]
[0.661768,-0.205283,-0.169351][-0.735365,0.677671,0.000000][0.000000,1.000000,0.000000][0.692710,-0.191375,0.169351][0.000000,1.000000,0.000000][0.000000,1.000000,0.000000][0.692710,-0.191375,-0.169351][0.000000,1.000000,0.000000][0.000000,1.000000,0.000000]
[0.723652,-0.205283,0.169351][0.735365,0.677671,0.000000][0.000000,1.000000,0.000000][0.692710,-0.191375,-0.169351][0.000000,1.000000,0.000000][0.000000,1.000000,0.000000][0.692710,-0.191375,0.169351][0.000000,1.000000,0.000000][0.000000,1.000000,0.000000]
[0.692710,-0.191375,0.169351][0.000000,1.000000,0.000000][0.000000,1.000000,0.000000][0.661768,-0.205283,-0.169351][-0.735365,0.677671,0.000000][0.000000,1.000000,0.000000][0.661768,-0.205283,0.169351][-0.735365,0.677671,0.000000][0.000000,1.000000,0.000000]
[0.692710,-0.191375,-0.169351][0.000000,1.000000,0.000000][0.000000,1.000000,0.000000][0.723652,-0.205283,0.169351][0.735365,0.677671,0.000000][0.000000,1.000000,0.000000][0.723652,-0.205283,-0.169351][0.735365,0.677671,0.000000][0.000000,1.000000,0.000000]
[0.648951,-0.238858,-0.169351][-1.000000,0.000000,0.000000][0.000000,1.000000,0.000000][0.661768,-0.205283,0.169351][-0.735365,0.677671,0.000000][0.000000,1.000000,0.000000][0.661768,-0.205283,-0.169351][-0.735365,0.677671,0.000000][0.000000,1.000000,0.000000]
[0.736468,-0.238858,0.169351][1.000000,0.000000,0.000000][0.000000,1.000000,0.000000][0.723652,-0.205283,-0.169351][0.735365,0.677671,0.000000][0.000000,1.000000,0.000000][0.723652,-0.205283,0.169351][0.735365,0.677671,0.000000][0.000000,1.000000,0.000000]
[0.661768,-0.205283,0.169351][-0.735365,0.677671,0.000000][0.000000,1.000000,0.000000][0.648951,-0.238858,-0.169351][-1.000000,0.000000,0.000000][0.000000,1.000000,0.000000][0.648951,-0.238858,0.169351][-1.000000,0.000000,0.000000][0.000000,1.000000,0.000000]
[0.723652,-0.205283,-0.169351][0.735365,0.677671,0.000000][0.000000,1.000000,0.000000][0.736468,-0.238858,0.169351][1.000000,0.000000,0.000000][0.000000,1.000000,0.000000][0.736468,-0.238858,-0.169351][1.000000,0.000000,0.000000][0.000000,1.000000,0.000000]
[0.661768,-0.272434,-0.169351][-0.735365,-0.677671,0.000000][0.000000,1.000000,0.000000][0.648951,-0.238858,0.169351][-1.000000,0.000000,0.000000][0.000000,1.000000,0.000000][0.648951,-0.238858,-0.169351][-1.000000,0.000000,0.000000][0.000000,1.000000,0.000000]
[0.723652,-0.272434,0.169351][0.735365,-0.677671,0.000000][0.000000,1.000000,0.000000][0.736468,-0.238858,-0.169351][1.000000,0.000000,0.000000][0.000000,1.000000,0.000000][0.736468,-0.238858,0.169351][1.000000,0.000000,0.000000][0.000000,1.000000,0.000000]
[0.648951,-0.238858,0.169351][-1.000000,0.000000,0.000000][0.000000,1.000000,0.000000][0.661768,-0.272434,-0.169351][-0.735365,-0.677671,0.000000][0.000000,1.000000,0.000000][0.661768,-0.272434,0.169351][-0.735365,-0.677671,0.000000][0.000000,1.000000,0.000000]
[0.736468,-0.238858,-0.169351][1.000000,0.000000,0.000000][0.000000,1.000000,0.000000][0.723652,-0.272434,0.169351][0.735365,-0.677671,0.000000][0.000000,1.000000,0.000000][0.723652,-0.272434,-0.169351][0.735365,-0.677671,0.000000][0.000000,1.000000,0.000000]
[0.692710,-0.286342,-0.169351][0.000000,-1.000000,0.000000][0.000000,1.000000,0.000000][0.661768,-0.272434,0.169351][-0.735365,-0.677671,0.000000][0.000000,1.000000,0.000000][0.661768,-0.272434,-0.169351][-0.735365,-0.677671,0.000000][0.000000,1.000000,0.000000]
[0.692710,-0.286342,0.169351][0.000000,-1.000000,0.000000][0.000000,1.000000,0.000000][0.723652,-0.272434,-0.169351][0.735365,-0.677671,0.000000][0.000000,1.000000,0.000000][0.723652,-0.272434,0.169351][0.735365,-0.677671,0.000000][0.000000,1.000000,0.000000]
[0.661768,-0.272434,0.169351][-0.735365,-0.677671,0.000000][0.000000,1.000000,0.000000][0.692710,-0.286342,-0.169351][0.000000,-1.000000,0.000000][0.000000,1.000000,0.000000][0.692710,-0.286342,0.169351][0.000000,-1.000000,0.000000][0.000000,1.000000,0.000000]
[0.723652,-0.272434,-0.169351][0.735365,-0.677671,0.000000][0.000000,1.000000,0.000000][0.692710,-0.286342,0.169351][0.000000,-1.000000,0.000000][0.000000,1.000000,0.000000][0.692710,-0.286342,-0.169351][0.000000,-1.000000,0.000000][0.000000,1.000000,0.000000]
[1.451310,-0.608463,-0.169351][-0.735365,0.677671,0.000000][0.000000,1.000000,0.000000][1.482252,-0.594556,0.169351][0.000000,1.000000,0.000000][0.000000,1.000000,0.000000][1.482252,-0.594556,-0.169351][0.000000,1.000000,0.000000][0.000000,1.000000,0.000000]
[1.513194,-0.608463,0.169351][0.735365,0.677671,0.000000][0.000000,1.000000,0.000000][1.482252,-0.594556,-0.169351][0.000000,1.000000,0.000000][0.000000,1.000000,0.000000][1.482252,-0.594556,0.169351][0.000000,1.000000,0.000000][0.000000,1.000000,0.000000]
[1.482252,-0.594556,0.169351][0.000000,1.000000,0.000000][0.000000,1.000000,0.000000][1.451310,-0.608463,-0.169351][-0.735365,0.677671,0.000000][0.000000,1.000000,0.000000][1.451310,-0.608463,0.169351][-0.735365,0.677671,0.000000][0.000000,1.000000,0.000000]
[1.482252,-0.594556,-0.169351][0.000000,1.000000,0.000000][0.000000,1.000000,0.000000][1.513194,-0.608463,0.169351][0.735365,0.677671,0.000000][0.000000,1.000000,0.000000][1.513194,-0.608463,-0.169351][0.735365,0.677671,0.000000][0.000000,1.000000,0.000000]
[1.438493,-0.642039,-0.169351][-1.000000,0.000000,0.000000][0.000000,1.000000,0.000000][1.451310,-0.608463,0.169351][-0.735365,0.677671,0.000000][0.000000,1.000000,0.000000][1.451310,-0.608463,-0.169351][-0.735365,0.677671,0.000000][0.000000,1.000000,0.000000]
[1.526009,-0.642039,0.169351][1.000000,0.000000,0.000000][0.000000,1.000000,0.000000][1.513194,-0.608463,-0.169351][0.735365,0.677671,0.000000][0.000000,1.000000,0.000000][1.513194,-0.608463,0.169351][0.735365,0.677671,0.000000][0.000000,1.000000,0.000000]
[1.451310,-0.608463,0.169351][-0.735365,0.677671,0.000000][0.000000,1.000000,0.000000][1.438493,-0.642039,-0.169351][-1.000000,0.000000,0.000000][0.000000,1.000000,0.000000][1.438493,-0.642039,0.169351][-1.000000,0.000000,0.000000][0.000000,1.000000,0.000000]
[1.513194,-0.608463,-0.169351][0.735365,0.677671,0.000000][0.000000,1.000000,0.000000][1.526009,-0.642039,0.169351][1.000000,0.000000,0.000000][0.000000,1.000000,0.000000][1.526009,-0.642039,-0.169351][1.000000,0.000000,0.000000][0.000000,1.000000,0.000000]
[1.451310,-0.675615,-0.169351][-0.735365,-0.677671,0.000000][0.000000,1.000000,0.000000][1.438493,-0.642039,0.169351][-1.000000,0.000000,0.000000][0.000000,1.000000,0.000000][1.438493,-0.642039,-0.169351][-1.000000,0.000000,0.000000][0.000000,1.000000,0.000000]
[1.513194,-0.675615,0.169351][0.735365,-0.677671,0.000000][0.000000,1.000000,0.000000][1.526009,-0.642039,-0.169351][1.000000,0.000000,0.000000][0.000000,1.000000,0.000000][1.526009,-0.642039,0.169351][1.000000,0.000000,0.000000][0.000000,1.000000,0.000000]
[1.438493,-0.642039,0.169351][-1.000000,0.000000,0.000000][0.000000,1.000000,0.000000][1.451310,-0.675615,-0.169351][-0.735365,-0.677671,0.000000][0.000000,1.000000,0.000000][1.451310,-0.675615,0.169351][-0.735365,-0.677671,0.000000][0.000000,1.000000,0.000000]
[1.526009,-0.642039,-0.169351][1.000000,0.000000,0.000000][0.000000,1.000000,0.000000][1.513194,-0.675615,0.169351][0.735365,-0.677671,0.000000][0.000000,1.000000,0.000000][1.513194,-0.675615,-0.169351][0.735365,-0.677671,0.000000][0.000000,1.000000,0.000000]
[1.482252,-0.689523,-0.169351][0.000000,-1.000000,0.000000][0.000000,1.000000,0.000000][1.451310,-0.675615,0.169351][-0.735365,-0.677671,0.000000][0.000000,1.000000,0.000000][1.451310,-0.675615,-0.169351][-0.735365,-0.677671,0.000000][0.000000,1.000000,0.000000]
[1.482252,-0.689523,0.169351][0.000000,-1.000000,0.000000][0.000000,1.000000,0.000000][1.513194,-0.675615,-0.169351][0.735365,-0.677671,0.000000][0.000000,1.000000,0.000000][1.513194,-0.675615,0.169351][0.735365,-0.677671,0.000000][0.000000,1.000000,0.000000]
[1.451310,-0.675615,0.169351][-0.735365,-0.677671,0.000000][0.000000,1.000000,0.000000][1.482252,-0.689523,-0.169351][0.000000,-1.000000,0.000000][0.000000,1.000000,0.000000][1.482252,-0.689523,0.169351][0.000000,-1.000000,0.000000][0.000000,1.000000,0.000000]
[1.513194,-0.675615,-0.169351][0.735365,-0.677671,0.000000][0.000000,1.000000,0.000000][1.482252,-0.689523,0.169351][0.000000,-1.000000,0.000000][0.000000,1.000000,0.000000][1.482252,-0.689523,-0.169351][0.000000,-1.000000,0.000000][0.000000,1.000000,0.000000]
[-1.512871,0.014147,0.314852][0.000000,0.000000,1.000000][0.000000,1.000000,0.000000][-1.483415,0.091310,0.314852][0.000000,0.000000,1.000000][0.000000,1.000000,0.000000][-1.525071,0.046110,0.314852][0.000000,0.000000,1.000000][0.000000,1.000000,0.000000]
[-1.525071,0.046110,0.314852][0.000000,0.000000,1.000000][0.000000,1.000000,0.000000][-1.483415,0.091310,0.314852][0.000000,0.000000,1.000000][0.000000,1.000000,0.000000][-1.512871,0.078072,0.314852][0.000000,0.000000,1.000000][0.000000,1.000000,0.000000]
[-1.483415,0.091310,0.314852][0.000000,0.000000,1.000000][0.000000,1.000000,0.000000][-1.512871,0.014147,0.314852][0.000000,0.000000,1.000000][0.000000,1.000000,0.000000][-1.453964,0.014147,0.314852][0.000000,0.000000,1.000000][0.000000,1.000000,0.000000]
[-1.453964,0.014147,0.314852][0.000000,0.000000,1.000000][0.000000,1.000000,0.000000][-1.512871,0.014147,0.314852][0.000000,0.000000,1.000000][0.000000,1.000000,0.000000][-1.483415,0.000909,0.314852][0.000000,0.000000,1.000000][0.000000,1.000000,0.000000]
[-1.483415,0.091310,0.314852][0.000000,0.000000,1.000000][0.000000,1.000000,0.000000][-1.453964,0.014147,0.314852][0.000000,0.000000,1.000000][0.000000,1.000000,0.000000][-1.441763,0.046110,0.314852][0.000000,0.000000,1.000000][0.000000,1.000000,0.000000]
[-1.483415,0.091310,0.314852][0.000000,0.000000,1.000000][0.000000,1.000000,0.000000][-1.441763,0.046110,0.314852][0.000000,0.000000,1.000000][0.000000,1.000000,0.000000][-1.453964,0.078072,0.314852][0.000000,0.000000,1.000000][0.000000,1.000000,0.000000]
[-1.483415,0.019000,0.208114][0.000000,0.000000,-1.000000][0.000000,1.000000,0.000000][-1.453964,0.014147,0.208114][0.000000,0.000000,-1.000000][0.000000,1.000000,0.000000][-1.483415,0.000909,0.208114][0.000000,0.000000,-1.000000][0.000000,1.000000,0.000000]
[-1.512871,0.014147,0.208114][0.000000,0.000000,-1.000000][0.000000,1.000000,0.000000][-1.483415,0.019000,0.208114][0.000000,0.000000,-1.000000][0.000000,1.000000,0.000000][-1.483415,0.000909,0.208114][0.000000,0.000000,-1.000000][0.000000,1.000000,0.000000]
[-1.453964,0.014147,0.208114][0.000000,0.000000,-1.000000][0.000000,1.000000,0.000000][-1.483415,0.019000,0.208114][0.000000,0.000000,-1.000000][0.000000,1.000000,0.000000][-1.465750,0.026941,0.208114][0.000000,0.000000,-1.000000][0.000000,1.000000,0.000000]
[-1.483415,0.019000,0.208114][0.000000,0.000000,-1.000000][0.000000,1.000000,0.000000][-1.512871,0.014147,0.208114][0.000000,0.000000,-1.000000][0.000000,1.000000,0.000000][-1.501082,0.026941,0.208114][0.000000,0.000000,-1.000000][0.000000,1.000000,0.000000]
[-1.465750,0.026941,0.208114][0.000000,0.000000,-1.000000][0.000000,1.000000,0.000000][-1.441763,0.046110,0.208114][0.000000,0.000000,-1.000000][0.000000,1.000000,0.000000][-1.453964,0.014147,0.208114][0.000000,0.000000,-1.000000][0.000000,1.000000,0.000000]
[-1.512871,0.014147,0.208114][0.000000,0.000000,-1.000000][0.000000,1.000000,0.000000][-1.525071,0.046110,0.208114][0.000000,0.000000,-1.000000][0.000000,1.000000,0.000000][-1.501082,0.026941,0.208114][0.000000,0.000000,-1.000000][0.000000,1.000000,0.000000]
[-1.441763,0.046110,0.208114][0.000000,0.000000,-1.000000][0.000000,1.000000,0.000000][-1.465750,0.026941,0.208114][0.000000,0.000000,-1.000000][0.000000,1.000000,0.000000][-1.458435,0.046110,0.208114][0.000000,0.000000,-1.000000][0.000000,1.000000,0.000000]
[-1.501082,0.026941,0.208114][0.000000,0.000000,-1.000000][0.000000,1.000000,0.000000][-1.525071,0.046110,0.208114][0.000000,0.000000,-1.000000][0.000000,1.000000,0.000000][-1.508398,0.046110,0.208114][0.000000,0.000000,-1.000000][0.000000,1.000000,0.000000]
[-1.465750,0.065279,0.208114][0.000000,0.000000,-1.000000][0.000000,1.000000,0.000000][-1.441763,0.046110,0.208114][0.000000,0.000000,-1.000000][0.000000,1.000000,0.000000][-1.458435,0.046110,0.208114][0.000000,0.000000,-1.000000][0.000000,1.000000,0.000000]
[-1.525071,0.046110,0.208114][0.000000,0.000000,-1.000000][0.000000,1.000000,0.000000][-1.501082,0.065279,0.208114][0.000000,0.000000,-1.000000][0.000000,1.000000,0.000000][-1.508398,0.046110,0.208114][0.000000,0.000000,-1.000000][0.000000,1.000000,0.000000]
[-1.441763,0.046110,0.208114][0.000000,0.000000,-1.000000][0.000000,1.000000,0.000000][-1.465750,0.065279,0.208114][0.000000,0.000000,-1.000000][0.000000,1.000000,0.000000][-1.453964,0.078072,0.208114][0.000000,0.000000,-1.000000][0.000000,1.000000,0.000000]
[-1.501082,0.065279,0.208114][0.000000,0.000000,-1.000000][0.000000,1.000000,0.000000][-1.525071,0.046110,0.208114][0.000000,0.000000,-1.000000][0.000000,1.000000,0.000000][-1.512871,0.078072,0.208114][0.000000,0.000000,-1.000000][0.000000,1.000000,0.000000]
[-1.483415,0.073219,0.208114][0.000000,0.000000,-1.000000][0.000000,1.000000,0.000000][-1.453964,0.078072,0.208114][0.000000,0.000000,-1.000000][0.000000,1.000000,0.000000][-1.465750,0.065279,0.208114][0.000000,0.000000,-1.000000][0.000000,1.000000,0.000000]
[-1.512871,0.078072,0.208114][0.000000,0.000000,-1.000000][0.000000,1.000000,0.000000][-1.483415,0.073219,0.208114][0.000000,0.000000,-1.000000][0.000000,1.000000,0.000000][-1.501082,0.065279,0.208114][0.000000,0.000000,-1.000000][0.000000,1.000000,0.000000]
[-1.483415,0.091310,0.208114][0.000000,0.000000,-1.000000][0.000000,1.000000,0.000000][-1.453964,0.078072,0.208114][0.000000,0.000000,-1.000000][0.000000,1.000000,0.000000][-1.483415,0.073219,0.208114][0.000000,0.000000,-1.000000][0.000000,1.000000,0.000000]
[-1.483415,0.073219,0.208114][0.000000,0.000000,-1.000000][0.000000,1.000000,0.000000][-1.512871,0.078072,0.208114][0.000000,0.000000,-1.000000][0.000000,1.000000,0.000000][-1.483415,0.091310,0.208114][0.000000,0.000000,-1.000000][0.000000,1.000000,0.000000]
[-1.483415,0.091310,0.208114][0.000000,1.000000,0.000000][0.000000,1.000000,0.000000][-1.483415,0.091310,0.314852][0.000000,1.000000,0.000000][0.000000,1.000000,0.000000][-1.453964,0.078072,0.208114][0.735365,0.677671,0.000000][0.000000,1.000000,0.000000]
[-1.453964,0.078072,0.208114][0.735365,0.677671,0.000000][0.000000,1.000000,0.000000][-1.483415,0.091310,0.314852][0.000000,1.000000,0.000000][0.000000,1.000000,0.000000][-1.453964,0.078072,0.314852][0.735365,0.677671,0.000000][0.000000,1.000000,0.000000]
[-1.483415,0.091310,0.208114][0.000000,1.000000,0.000000][0.000000,1.000000,0.000000][-1.512871,0.078072,0.314852][-0.735365,0.677671,0.000000][0.000000,1.000000,0.000000][-1.483415,0.091310,0.314852][0.000000,1.000000,0.000000][0.000000,1.000000,0.000000]
[-1.453964,0.078072,0.208114][0.735365,0.677671,0.000000][0.000000,1.000000,0.000000][-1.453964,0.078072,0.314852][0.735365,0.677671,0.000000][0.000000,1.000000,0.000000][-1.441763,0.046110,0.208114][1.000000,0.000000,0.000000][0.000000,1.000000,0.000000]
[-1.512871,0.078072,0.208114][-0.735365,0.677671,0.000000][0.000000,1.000000,0.000000][-1.512871,0.078072,0.314852][-0.735365,0.677671,0.000000][0.000000,1.000000,0.000000][-1.483415,0.091310,0.208114][0.000000,1.000000,0.000000][0.000000,1.000000,0.000000]
[-1.441763,0.046110,0.208114][1.000000,0.000000,0.000000][0.000000,1.000000,0.000000][-1.453964,0.078072,0.314852][0.735365,0.677671,0.000000][0.000000,1.000000,0.000000][-1.441763,0.046110,0.314852][1.000000,0.000000,0.000000][0.000000,1.000000,0.000000]
[-1.512871,0.078072,0.208114][-0.735365,0.677671,0.000000][0.000000,1.000000,0.000000][-1.525071,0.046110,0.314852][-1.000000,0.000000,0.000000][0.000000,1.000000,0.000000][-1.512871,0.078072,0.314852][-0.735365,0.677671,0.000000][0.000000,1.000000,0.000000]
[-1.441763,0.046110,0.208114][1.000000,0.000000,0.000000][0.000000,1.000000,0.000000][-1.441763,0.046110,0.314852][1.000000,0.000000,0.000000][0.000000,1.000000,0.000000][-1.453964,0.014147,0.208114][0.735365,-0.677671,0.000000][0.000000,1.000000,0.000000]
[-1.525071,0.046110,0.208114][-1.000000,0.000000,0.000000][0.000000,1.000000,0.000000][-1.525071,0.046110,0.314852][-1.000000,0.000000,0.000000][0.000000,1.000000,0.000000][-1.512871,0.078072,0.208114][-0.735365,0.677671,0.000000][0.000000,1.000000,0.000000]
[-1.453964,0.014147,0.208114][0.735365,-0.677671,0.000000][0.000000,1.000000,0.000000][-1.441763,0.046110,0.314852][1.000000,0.000000,0.000000][0.000000,1.000000,0.000000][-1.453964,0.014147,0.314852][0.735365,-0.677671,0.000000][0.000000,1.000000,0.000000]
[-1.525071,0.046110,0.208114][-1.000000,0.000000,0.000000][0.000000,1.000000,0.000000][-1.512871,0.014147,0.314852][-0.735365,-0.677671,0.000000][0.000000,1.000000,0.000000][-1.525071,0.046110,0.314852][-1.000000,0.000000,0.000000][0.000000,1.000000,0.000000]
[-1.453964,0.014147,0.208114][0.735365,-0.677671,0.000000][0.000000,1.000000,0.000000][-1.453964,0.014147,0.314852][0.735365,-0.677671,0.000000][0.000000,1.000000,0.000000][-1.483415,0.000909,0.208114][0.000000,-1.000000,0.000000][0.000000,1.000000,0.000000]
[-1.512871,0.014147,0.208114][-0.735365,-0.677671,0.000000][0.000000,1.000000,0.000000][-1.512871,0.014147,0.314852][-0.735365,-0.677671,0.000000][0.000000,1.000000,0.000000][-1.525071,0.046110,0.208114][-1.000000,0.000000,0.000000][0.000000,1.000000,0.000000]
[-1.483415,0.000909,0.208114][0.000000,-1.000000,0.000000][0.000000,1.000000,0.000000][-1.453964,0.014147,0.314852][0.735365,-0.677671,0.000000][0.000000,1.000000,0.000000][-1.483415,0.000909,0.314852][0.000000,-1.000000,0.000000][0.000000,1.000000,0.000000]
[-1.512871,0.014147,0.208114][-0.735365,-0.677671,0.000000][0.000000,1.000000,0.000000][-1.483415,0.000909,0.314852][0.000000,-1.000000,0.000000][0.000000,1.000000,0.000000][-1.512871,0.014147,0.314852][-0.735365,-0.677671,0.000000][0.000000,1.000000,0.000000]
[-1.483415,0.000909,0.208114][0.000000,-1.000000,0.000000][0.000000,1.000000,0.000000][-1.483415,0.000909,0.314852][0.000000,-1.000000,0.000000][0.000000,1.000000,0.000000][-1.512871,0.014147,0.208114][-0.735365,-0.677671,0.000000][0.000000,1.000000,0.000000]
[-1.508398,0.046110,0.133673][-1.000000,0.000000,0.000000][0.000000,1.000000,0.000000][-1.501082,0.065279,0.208114][-0.735365,0.677671,0.000000][0.000000,1.000000,0.000000][-1.501082,0.065279,0.133673][-0.735365,0.677671,0.000000][0.000000,1.000000,0.000000]
[-1.501082,0.065279,0.208114][-0.735365,0.677671,0.000000][0.000000,1.000000,0.000000][-1.483418,0.073219,0.133673][0.000000,1.000000,0.000000][0.000000,1.000000,0.000000][-1.501082,0.065279,0.133673][-0.735365,0.677671,0.000000][0.000000,1.000000,0.000000]
[-1.501082,0.065279,0.208114][-0.735365,0.677671,0.000000][0.000000,1.000000,0.000000][-1.508398,0.046110,0.133673][-1.000000,0.000000,0.000000][0.000000,1.000000,0.000000][-1.508398,0.046110,0.208114][-1.000000,0.000000,0.000000][0.000000,1.000000,0.000000]
[-1.483418,0.073219,0.133673][0.000000,1.000000,0.000000][0.000000,1.000000,0.000000][-1.501082,0.065279,0.208114][-0.735365,0.677671,0.000000][0.000000,1.000000,0.000000][-1.483415,0.073219,0.208114][0.000000,1.000000,0.000000][0.000000,1.000000,0.000000]
[-1.501082,0.026941,0.133673][-0.735365,-0.677671,0.000000][0.000000,1.000000,0.000000][-1.508398,0.046110,0.208114][-1.000000,0.000000,0.000000][0.000000,1.000000,0.000000][-1.508398,0.046110,0.133673][-1.000000,0.000000,0.000000][0.000000,1.000000,0.000000]
[-1.483415,0.073219,0.208114][0.000000,1.000000,0.000000][0.000000,1.000000,0.000000][-1.465750,0.065279,0.133673][0.735365,0.677671,0.000000][0.000000,1.000000,0.000000][-1.483418,0.073219,0.133673][0.000000,1.000000,0.000000][0.000000,1.000000,0.000000]
[-1.508398,0.046110,0.208114][-1.000000,0.000000,0.000000][0.000000,1.000000,0.000000][-1.501082,0.026941,0.133673][-0.735365,-0.677671,0.000000][0.000000,1.000000,0.000000][-1.501082,0.026941,0.208114][-0.735365,-0.677671,0.000000][0.000000,1.000000,0.000000]
[-1.465750,0.065279,0.133673][0.735365,0.677671,0.000000][0.000000,1.000000,0.000000][-1.483415,0.073219,0.208114][0.000000,1.000000,0.000000][0.000000,1.000000,0.000000][-1.465750,0.065279,0.208114][0.735365,0.677671,0.000000][0.000000,1.000000,0.000000]
[-1.483418,0.019000,0.133673][0.000000,-1.000000,0.000000][0.000000,1.000000,0.000000][-1.501082,0.026941,0.208114][-0.735365,-0.677671,0.000000][0.000000,1.000000,0.000000][-1.501082,0.026941,0.133673][-0.735365,-0.677671,0.000000][0.000000,1.000000,0.000000]
[-1.458435,0.046110,0.208114][1.000000,0.000000,0.000000][0.000000,1.000000,0.000000][-1.465750,0.065279,0.133673][0.735365,0.677671,0.000000][0.000000,1.000000,0.000000][-1.465750,0.065279,0.208114][0.735365,0.677671,0.000000][0.000000,1.000000,0.000000]
[-1.501082,0.026941,0.208114][-0.735365,-0.677671,0.000000][0.000000,1.000000,0.000000][-1.483418,0.019000,0.133673][0.000000,-1.000000,0.000000][0.000000,1.000000,0.000000][-1.483415,0.019000,0.208114][0.000000,-1.000000,0.000000][0.000000,1.000000,0.000000]
[-1.465750,0.065279,0.133673][0.735365,0.677671,0.000000][0.000000,1.000000,0.000000][-1.458435,0.046110,0.208114][1.000000,0.000000,0.000000][0.000000,1.000000,0.000000][-1.458435,0.046110,0.133673][1.000000,0.000000,0.000000][0.000000,1.000000,0.000000]
[-1.465750,0.026941,0.133673][0.735365,-0.677671,0.000000][0.000000,1.000000,0.000000][-1.483415,0.019000,0.208114][0.000000,-1.000000,0.000000][0.000000,1.000000,0.000000][-1.483418,0.019000,0.133673][0.000000,-1.000000,0.000000][0.000000,1.000000,0.000000]
[-1.465750,0.026941,0.208114][0.735365,-0.677671,0.000000][0.000000,1.000000,0.000000][-1.458435,0.046110,0.133673][1.000000,0.000000,0.000000][0.000000,1.000000,0.000000][-1.458435,0.046110,0.208114][1.000000,0.000000,0.000000][0.000000,1.000000,0.000000]
[-1.483415,0.019000,0.208114][0.000000,-1.000000,0.000000][0.000000,1.000000,0.000000][-1.465750,0.026941,0.133673][0.735365,-0.677671,0.000000][0.000000,1.000000,0.000000][-1.465750,0.026941,0.208114][0.735365,-0.677671,0.000000][0.000000,1.000000,0.000000]
[-1.458435,0.046110,0.133673][1.000000,0.000000,0.000000][0.000000,1.000000,0.000000][-1.465750,0.026941,0.208114][0.735365,-0.677671,0.000000][0.000000,1.000000,0.000000][-1.465750,0.026941,0.133673][0.735365,-0.677671,0.000000][0.000000,1.000000,0.000000]
