version 1.00
620
[-2.386059,0.130380,0.006696][-1.000000,0.000000,0.000000][0.000000,1.000000,0.000000][-2.386059,0.082976,0.055117][-1.000000,0.000000,0.000000][0.000000,1.000000,0.000000][-2.386059,0.102313,0.074455][-1.000000,0.000000,0.000000][0.000000,1.000000,0.000000]
[-2.386059,0.082976,0.055117][-1.000000,0.000000,0.000000][0.000000,1.000000,0.000000][-2.386059,0.130380,0.006696][-1.000000,0.000000,0.000000][0.000000,1.000000,0.000000][-2.386059,0.103032,0.006696][-1.000000,0.000000,0.000000][0.000000,1.000000,0.000000]
[-2.386059,0.034554,0.075174][-1.000000,0.000000,0.000000][0.000000,1.000000,0.000000][-2.386059,0.102313,0.074455][-1.000000,0.000000,0.000000][0.000000,1.000000,0.000000][-2.386059,0.082976,0.055117][-1.000000,0.000000,0.000000][0.000000,1.000000,0.000000]
[-2.386059,0.130380,0.006696][-1.000000,0.000000,0.000000][0.000000,1.000000,0.000000][-2.386059,0.082976,-0.041724][-1.000000,0.000000,0.000000][0.000000,1.000000,0.000000][-2.386059,0.103032,0.006696][-1.000000,0.000000,0.000000][0.000000,1.000000,0.000000]
[-2.386059,0.102313,0.074455][-1.000000,0.000000,0.000000][0.000000,1.000000,0.000000][-2.386059,0.034554,0.075174][-1.000000,0.000000,0.000000][0.000000,1.000000,0.000000][-2.386059,0.034554,0.102522][-1.000000,0.000000,0.000000][0.000000,1.000000,0.000000]
[-2.386059,0.130380,0.006696][-1.000000,0.000000,0.000000][0.000000,1.000000,0.000000][-2.386059,0.102313,-0.061062][-1.000000,0.000000,0.000000][0.000000,1.000000,0.000000][-2.386059,0.082976,-0.041724][-1.000000,0.000000,0.000000][0.000000,1.000000,0.000000]
[-2.386059,0.034554,0.075174][-1.000000,0.000000,0.000000][0.000000,1.000000,0.000000][-2.386059,-0.033203,0.074455][-1.000000,0.000000,0.000000][0.000000,1.000000,0.000000][-2.386059,0.034554,0.102522][-1.000000,0.000000,0.000000][0.000000,1.000000,0.000000]
[-2.386059,0.034554,-0.061782][-1.000000,0.000000,0.000000][0.000000,1.000000,0.000000][-2.386059,0.082976,-0.041724][-1.000000,0.000000,0.000000][0.000000,1.000000,0.000000][-2.386059,0.102313,-0.061062][-1.000000,0.000000,0.000000][0.000000,1.000000,0.000000]
[-2.386059,-0.033203,0.074455][-1.000000,0.000000,0.000000][0.000000,1.000000,0.000000][-2.386059,0.034554,0.075174][-1.000000,0.000000,0.000000][0.000000,1.000000,0.000000][-2.386059,-0.013866,0.055117][-1.000000,0.000000,0.000000][0.000000,1.000000,0.000000]
[-2.386059,0.102313,-0.061062][-1.000000,0.000000,0.000000][0.000000,1.000000,0.000000][-2.386059,0.034554,-0.089129][-1.000000,0.000000,0.000000][0.000000,1.000000,0.000000][-2.386059,0.034554,-0.061782][-1.000000,0.000000,0.000000][0.000000,1.000000,0.000000]
[-2.386059,-0.061270,0.006696][-1.000000,0.000000,0.000000][0.000000,1.000000,0.000000][-2.386059,-0.033203,0.074455][-1.000000,0.000000,0.000000][0.000000,1.000000,0.000000][-2.386059,-0.013866,0.055117][-1.000000,0.000000,0.000000][0.000000,1.000000,0.000000]
[-2.386059,-0.033203,-0.061062][-1.000000,0.000000,0.000000][0.000000,1.000000,0.000000][-2.386059,0.034554,-0.061782][-1.000000,0.000000,0.000000][0.000000,1.000000,0.000000][-2.386059,0.034554,-0.089129][-1.000000,0.000000,0.000000][0.000000,1.000000,0.000000]
[-2.386059,-0.061270,0.006696][-1.000000,0.000000,0.000000][0.000000,1.000000,0.000000][-2.386059,-0.013866,0.055117][-1.000000,0.000000,0.000000][0.000000,1.000000,0.000000][-2.386059,-0.033922,0.006696][-1.000000,0.000000,0.000000][0.000000,1.000000,0.000000]
[-2.386059,0.034554,-0.061782][-1.000000,0.000000,0.000000][0.000000,1.000000,0.000000][-2.386059,-0.033203,-0.061062][-1.000000,0.000000,0.000000][0.000000,1.000000,0.000000][-2.386059,-0.013866,-0.041724][-1.000000,0.000000,0.000000][0.000000,1.000000,0.000000]
[-2.386059,-0.061270,0.006696][-1.000000,0.000000,0.000000][0.000000,1.000000,0.000000][-2.386059,-0.013866,-0.041724][-1.000000,0.000000,0.000000][0.000000,1.000000,0.000000][-2.386059,-0.033203,-0.061062][-1.000000,0.000000,0.000000][0.000000,1.000000,0.000000]
[-2.386059,-0.013866,-0.041724][-1.000000,0.000000,0.000000][0.000000,1.000000,0.000000][-2.386059,-0.061270,0.006696][-1.000000,0.000000,0.000000][0.000000,1.000000,0.000000][-2.386059,-0.033922,0.006696][-1.000000,0.000000,0.000000][0.000000,1.000000,0.000000]
[-2.100621,0.082976,0.055117][-0.661023,-0.530589,-0.530589][0.000000,1.000000,0.000000][-2.386059,0.034554,0.075174][0.000000,0.000000,-1.000000][0.000000,1.000000,0.000000][-2.386059,0.082976,0.055117][0.000000,-0.707107,-0.707107][0.000000,1.000000,0.000000]
[-2.386059,0.034554,0.075174][0.000000,0.000000,-1.000000][0.000000,1.000000,0.000000][-2.100621,0.082976,0.055117][-0.661023,-0.530589,-0.530589][0.000000,1.000000,0.000000][-2.100621,0.034554,0.075174][-0.661024,0.000000,-0.750364][0.000000,1.000000,0.000000]
[-2.100621,0.034554,0.075174][-0.661024,0.000000,-0.750364][0.000000,1.000000,0.000000][-2.386059,-0.013866,0.055117][0.000000,0.707107,-0.707107][0.000000,1.000000,0.000000][-2.386059,0.034554,0.075174][0.000000,0.000000,-1.000000][0.000000,1.000000,0.000000]
[-2.386059,0.082976,0.055117][0.000000,-0.707107,-0.707107][0.000000,1.000000,0.000000][-2.100621,0.103032,0.006696][-0.661024,-0.750364,0.000000][0.000000,1.000000,0.000000][-2.100621,0.082976,0.055117][-0.661023,-0.530589,-0.530589][0.000000,1.000000,0.000000]
[-2.100621,0.103032,0.006696][-0.661024,-0.750364,0.000000][0.000000,1.000000,0.000000][-2.386059,0.082976,0.055117][0.000000,-0.707107,-0.707107][0.000000,1.000000,0.000000][-2.386059,0.103032,0.006696][0.000000,-1.000000,0.000000][0.000000,1.000000,0.000000]
[-2.100621,0.082976,0.055117][-0.661023,-0.530589,-0.530589][0.000000,1.000000,0.000000][-2.100621,-0.013866,0.055117][-0.661023,0.530589,-0.530589][0.000000,1.000000,0.000000][-2.100621,0.034554,0.075174][-0.661024,0.000000,-0.750364][0.000000,1.000000,0.000000]
[-2.386059,-0.013866,0.055117][0.000000,0.707107,-0.707107][0.000000,1.000000,0.000000][-2.100621,0.034554,0.075174][-0.661024,0.000000,-0.750364][0.000000,1.000000,0.000000][-2.100621,-0.013866,0.055117][-0.661023,0.530589,-0.530589][0.000000,1.000000,0.000000]
[-2.386059,-0.013866,0.055117][0.000000,0.707107,-0.707107][0.000000,1.000000,0.000000][-2.100621,-0.013866,0.055117][-0.661023,0.530589,-0.530589][0.000000,1.000000,0.000000][-2.386059,-0.033922,0.006696][0.000000,1.000000,0.000000][0.000000,1.000000,0.000000]
[-2.100621,0.082976,0.055117][-0.661023,-0.530589,-0.530589][0.000000,1.000000,0.000000][-2.100621,-0.033922,0.006696][-0.661024,0.750364,0.000000][0.000000,1.000000,0.000000][-2.100621,-0.013866,0.055117][-0.661023,0.530589,-0.530589][0.000000,1.000000,0.000000]
[-2.100621,-0.033922,0.006696][-0.661024,0.750364,0.000000][0.000000,1.000000,0.000000][-2.386059,-0.033922,0.006696][0.000000,1.000000,0.000000][0.000000,1.000000,0.000000][-2.100621,-0.013866,0.055117][-0.661023,0.530589,-0.530589][0.000000,1.000000,0.000000]
[-2.100621,-0.033922,0.006696][-0.661024,0.750364,0.000000][0.000000,1.000000,0.000000][-2.100621,0.082976,0.055117][-0.661023,-0.530589,-0.530589][0.000000,1.000000,0.000000][-2.100621,0.103032,0.006696][-0.661024,-0.750364,0.000000][0.000000,1.000000,0.000000]
[-2.386059,-0.033922,0.006696][0.000000,1.000000,0.000000][0.000000,1.000000,0.000000][-2.100621,-0.033922,0.006696][-0.661024,0.750364,0.000000][0.000000,1.000000,0.000000][-2.386059,-0.013866,-0.041724][0.000000,0.707107,0.707107][0.000000,1.000000,0.000000]
[-2.386059,0.103032,0.006696][0.000000,-1.000000,0.000000][0.000000,1.000000,0.000000][-2.100621,0.082976,-0.041724][-0.661023,-0.530589,0.530589][0.000000,1.000000,0.000000][-2.100621,0.103032,0.006696][-0.661024,-0.750364,0.000000][0.000000,1.000000,0.000000]
[-2.100621,0.082976,-0.041724][-0.661023,-0.530589,0.530589][0.000000,1.000000,0.000000][-2.100621,-0.033922,0.006696][-0.661024,0.750364,0.000000][0.000000,1.000000,0.000000][-2.100621,0.103032,0.006696][-0.661024,-0.750364,0.000000][0.000000,1.000000,0.000000]
[-2.100621,0.082976,-0.041724][-0.661023,-0.530589,0.530589][0.000000,1.000000,0.000000][-2.386059,0.103032,0.006696][0.000000,-1.000000,0.000000][0.000000,1.000000,0.000000][-2.386059,0.082976,-0.041724][0.000000,-0.707107,0.707107][0.000000,1.000000,0.000000]
[-2.100621,-0.013866,-0.041724][-0.661023,0.530589,0.530589][0.000000,1.000000,0.000000][-2.386059,-0.013866,-0.041724][0.000000,0.707107,0.707107][0.000000,1.000000,0.000000][-2.100621,-0.033922,0.006696][-0.661024,0.750364,0.000000][0.000000,1.000000,0.000000]
[-2.100621,-0.033922,0.006696][-0.661024,0.750364,0.000000][0.000000,1.000000,0.000000][-2.100621,0.082976,-0.041724][-0.661023,-0.530589,0.530589][0.000000,1.000000,0.000000][-2.100621,-0.013866,-0.041724][-0.661023,0.530589,0.530589][0.000000,1.000000,0.000000]
[-2.100621,-0.013866,-0.041724][-0.661023,0.530589,0.530589][0.000000,1.000000,0.000000][-2.386059,0.034554,-0.061782][0.000000,0.000000,1.000000][0.000000,1.000000,0.000000][-2.386059,-0.013866,-0.041724][0.000000,0.707107,0.707107][0.000000,1.000000,0.000000]
[-2.386059,0.082976,-0.041724][0.000000,-0.707107,0.707107][0.000000,1.000000,0.000000][-2.100621,0.034554,-0.061782][-0.661024,0.000000,0.750364][0.000000,1.000000,0.000000][-2.100621,0.082976,-0.041724][-0.661023,-0.530589,0.530589][0.000000,1.000000,0.000000]
[-2.100621,-0.013866,-0.041724][-0.661023,0.530589,0.530589][0.000000,1.000000,0.000000][-2.100621,0.082976,-0.041724][-0.661023,-0.530589,0.530589][0.000000,1.000000,0.000000][-2.100621,0.034554,-0.061782][-0.661024,0.000000,0.750364][0.000000,1.000000,0.000000]
[-2.100621,0.034554,-0.061782][-0.661024,0.000000,0.750364][0.000000,1.000000,0.000000][-2.386059,0.082976,-0.041724][0.000000,-0.707107,0.707107][0.000000,1.000000,0.000000][-2.386059,0.034554,-0.061782][0.000000,0.000000,1.000000][0.000000,1.000000,0.000000]
[-2.386059,0.034554,-0.061782][0.000000,0.000000,1.000000][0.000000,1.000000,0.000000][-2.100621,-0.013866,-0.041724][-0.661023,0.530589,0.530589][0.000000,1.000000,0.000000][-2.100621,0.034554,-0.061782][-0.661024,0.000000,0.750364][0.000000,1.000000,0.000000]
[0.559132,0.321643,-0.026925][1.000000,0.000000,0.000000][0.000000,1.000000,0.000000][0.559132,0.321643,0.040318][1.000000,0.000000,0.000000][0.000000,1.000000,0.000000][0.559132,0.232647,-0.026925][1.000000,0.000000,0.000000][0.000000,1.000000,0.000000]
[0.559132,0.232647,-0.026925][1.000000,0.000000,0.000000][0.000000,1.000000,0.000000][0.559132,0.321643,0.040318][1.000000,0.000000,0.000000][0.000000,1.000000,0.000000][0.559132,0.232647,0.040318][1.000000,0.000000,0.000000][0.000000,1.000000,0.000000]
[0.559132,0.321643,-0.026925][1.000000,0.000000,0.000000][0.000000,1.000000,0.000000][0.559132,0.335306,0.048090][1.000000,0.000000,0.000000][0.000000,1.000000,0.000000][0.559132,0.321643,0.040318][1.000000,0.000000,0.000000][0.000000,1.000000,0.000000]
[0.559132,0.335306,0.048090][1.000000,0.000000,0.000000][0.000000,1.000000,0.000000][0.559132,0.321643,-0.026925][1.000000,0.000000,0.000000][0.000000,1.000000,0.000000][0.559132,0.335306,-0.034698][1.000000,0.000000,0.000000][0.000000,1.000000,0.000000]
[0.559132,0.335306,-0.034698][1.000000,0.000000,0.000000][0.000000,1.000000,0.000000][0.559132,0.371820,0.006696][1.000000,0.000000,0.000000][0.000000,1.000000,0.000000][0.559132,0.335306,0.048090][1.000000,0.000000,0.000000][0.000000,1.000000,0.000000]
[0.559132,0.335306,0.048090][1.000000,0.000000,0.000000][0.000000,1.000000,0.000000][0.559132,0.371820,0.006696][1.000000,0.000000,0.000000][0.000000,1.000000,0.000000][0.559132,0.381153,0.029229][1.000000,0.000000,0.000000][0.000000,1.000000,0.000000]
[0.559132,0.371820,0.006696][1.000000,0.000000,0.000000][0.000000,1.000000,0.000000][0.559132,0.335306,-0.034698][1.000000,0.000000,0.000000][0.000000,1.000000,0.000000][0.559132,0.381153,-0.015837][1.000000,0.000000,0.000000][0.000000,1.000000,0.000000]
[0.559132,0.403686,0.038562][1.000000,0.000000,0.000000][0.000000,1.000000,0.000000][0.559132,0.335306,0.048090][1.000000,0.000000,0.000000][0.000000,1.000000,0.000000][0.559132,0.381153,0.029229][1.000000,0.000000,0.000000][0.000000,1.000000,0.000000]
[0.559132,0.335306,-0.034698][1.000000,0.000000,0.000000][0.000000,1.000000,0.000000][0.559132,0.403686,-0.025170][1.000000,0.000000,0.000000][0.000000,1.000000,0.000000][0.559132,0.381153,-0.015837][1.000000,0.000000,0.000000][0.000000,1.000000,0.000000]
[0.559132,0.335306,0.048090][1.000000,0.000000,0.000000][0.000000,1.000000,0.000000][0.559132,0.403686,0.038562][1.000000,0.000000,0.000000][0.000000,1.000000,0.000000][0.559132,0.426336,0.048090][1.000000,0.000000,0.000000][0.000000,1.000000,0.000000]
[0.559132,0.335306,-0.034698][1.000000,0.000000,0.000000][0.000000,1.000000,0.000000][0.559132,0.426336,-0.034698][1.000000,0.000000,0.000000][0.000000,1.000000,0.000000][0.559132,0.403686,-0.025170][1.000000,0.000000,0.000000][0.000000,1.000000,0.000000]
[0.559132,0.403686,0.038562][1.000000,0.000000,0.000000][0.000000,1.000000,0.000000][0.559132,0.429500,0.038134][1.000000,0.000000,0.000000][0.000000,1.000000,0.000000][0.559132,0.426336,0.048090][1.000000,0.000000,0.000000][0.000000,1.000000,0.000000]
[0.559132,0.429500,0.038134][1.000000,0.000000,0.000000][0.000000,1.000000,0.000000][0.559132,0.403686,0.038562][1.000000,0.000000,0.000000][0.000000,1.000000,0.000000][0.559132,0.426218,0.029229][1.000000,0.000000,0.000000][0.000000,1.000000,0.000000]
[0.559132,0.443585,0.030841][1.000000,0.000000,0.000000][0.000000,1.000000,0.000000][0.559132,0.426336,0.048090][1.000000,0.000000,0.000000][0.000000,1.000000,0.000000][0.559132,0.429500,0.038134][1.000000,0.000000,0.000000][0.000000,1.000000,0.000000]
[0.559132,0.426218,0.029229][1.000000,0.000000,0.000000][0.000000,1.000000,0.000000][0.559132,0.443585,0.030841][1.000000,0.000000,0.000000][0.000000,1.000000,0.000000][0.559132,0.429500,0.038134][1.000000,0.000000,0.000000][0.000000,1.000000,0.000000]
[0.559132,0.443585,0.030841][1.000000,0.000000,0.000000][0.000000,1.000000,0.000000][0.559132,0.426218,0.029229][1.000000,0.000000,0.000000][0.000000,1.000000,0.000000][0.559132,0.435552,0.006696][1.000000,0.000000,0.000000][0.000000,1.000000,0.000000]
[0.559132,0.443585,-0.017449][1.000000,0.000000,0.000000][0.000000,1.000000,0.000000][0.559132,0.443585,0.030841][1.000000,0.000000,0.000000][0.000000,1.000000,0.000000][0.559132,0.435552,0.006696][1.000000,0.000000,0.000000][0.000000,1.000000,0.000000]
[0.559132,0.429500,-0.024742][1.000000,0.000000,0.000000][0.000000,1.000000,0.000000][0.559132,0.403686,-0.025170][1.000000,0.000000,0.000000][0.000000,1.000000,0.000000][0.559132,0.426336,-0.034698][1.000000,0.000000,0.000000][0.000000,1.000000,0.000000]
[0.559132,0.426336,-0.034698][1.000000,0.000000,0.000000][0.000000,1.000000,0.000000][0.559132,0.443585,-0.017449][1.000000,0.000000,0.000000][0.000000,1.000000,0.000000][0.559132,0.429500,-0.024742][1.000000,0.000000,0.000000][0.000000,1.000000,0.000000]
[0.559132,0.403686,-0.025170][1.000000,0.000000,0.000000][0.000000,1.000000,0.000000][0.559132,0.429500,-0.024742][1.000000,0.000000,0.000000][0.000000,1.000000,0.000000][0.559132,0.426218,-0.015837][1.000000,0.000000,0.000000][0.000000,1.000000,0.000000]
[0.559132,0.426218,-0.015837][1.000000,0.000000,0.000000][0.000000,1.000000,0.000000][0.559132,0.443585,-0.017449][1.000000,0.000000,0.000000][0.000000,1.000000,0.000000][0.559132,0.435552,0.006696][1.000000,0.000000,0.000000][0.000000,1.000000,0.000000]
[0.559132,0.443585,-0.017449][1.000000,0.000000,0.000000][0.000000,1.000000,0.000000][0.559132,0.426218,-0.015837][1.000000,0.000000,0.000000][0.000000,1.000000,0.000000][0.559132,0.429500,-0.024742][1.000000,0.000000,0.000000][0.000000,1.000000,0.000000]
[0.259813,-0.027527,-0.176300][1.000000,0.000000,0.000000][0.000000,1.000000,0.000000][0.259813,-0.027527,0.188826][1.000000,0.000000,0.000000][0.000000,1.000000,0.000000][0.259813,-0.122156,-0.139788][1.000000,0.000000,0.000000][0.000000,1.000000,0.000000]
[0.259813,-0.122156,-0.139788][1.000000,0.000000,0.000000][0.000000,1.000000,0.000000][0.259813,-0.027527,0.188826][1.000000,0.000000,0.000000][0.000000,1.000000,0.000000][0.259813,-0.122156,0.152313][1.000000,0.000000,0.000000][0.000000,1.000000,0.000000]
[0.259813,0.165159,-0.068698][0.820813,-0.571198,0.000000][0.000000,1.000000,0.000000][0.259813,-0.027527,0.188826][1.000000,0.000000,0.000000][0.000000,1.000000,0.000000][0.259813,-0.027527,-0.176300][1.000000,0.000000,0.000000][0.000000,1.000000,0.000000]
[0.259813,-0.027527,0.188826][1.000000,0.000000,0.000000][0.000000,1.000000,0.000000][0.259813,0.165159,-0.068698][0.820813,-0.571198,0.000000][0.000000,1.000000,0.000000][0.259813,0.165159,0.081224][0.820813,-0.571198,0.000000][0.000000,1.000000,0.000000]
[0.708769,0.165159,-0.068698][0.000000,-1.000000,0.000000][0.000000,1.000000,0.000000][0.259813,0.165159,0.081224][0.820813,-0.571198,0.000000][0.000000,1.000000,0.000000][0.259813,0.165159,-0.068698][0.820813,-0.571198,0.000000][0.000000,1.000000,0.000000]
[0.259813,0.165159,0.081224][0.820813,-0.571198,0.000000][0.000000,1.000000,0.000000][0.708769,0.165159,-0.068698][0.000000,-1.000000,0.000000][0.000000,1.000000,0.000000][0.708769,0.165159,0.081224][0.000000,-1.000000,0.000000][0.000000,1.000000,0.000000]
[-1.153055,-0.259110,-0.156015][-0.870566,-0.492052,0.000000][0.000000,1.000000,0.000000][-1.230461,-0.122156,0.168541][-0.870566,-0.492052,0.000000][0.000000,1.000000,0.000000][-1.230461,-0.122156,-0.156015][-0.870566,-0.492052,0.000000][0.000000,1.000000,0.000000]
[-1.230461,-0.122156,0.168541][-0.870566,-0.492052,0.000000][0.000000,1.000000,0.000000][-1.153055,-0.259110,-0.156015][-0.870566,-0.492052,0.000000][0.000000,1.000000,0.000000][-1.153055,-0.259110,0.168541][-0.870566,-0.492052,0.000000][0.000000,1.000000,0.000000]
[-1.153055,-0.259110,-0.156015][0.000000,-1.000000,0.000000][0.000000,1.000000,0.000000][-0.836257,-0.259110,-0.156015][0.000000,-1.000000,0.000000][0.000000,1.000000,0.000000][-1.153055,-0.259110,0.168541][0.000000,-1.000000,0.000000][0.000000,1.000000,0.000000]
[-0.836257,-0.259110,-0.156015][0.000000,-1.000000,0.000000][0.000000,1.000000,0.000000][-0.836257,-0.259110,0.168541][0.000000,-1.000000,0.000000][0.000000,1.000000,0.000000][-1.153055,-0.259110,0.168541][0.000000,-1.000000,0.000000][0.000000,1.000000,0.000000]
[-1.011395,0.264178,0.031898][-1.000000,0.000000,0.000000][0.000000,1.000000,0.000000][-1.011395,0.235252,0.031898][-1.000000,0.000000,0.000000][0.000000,1.000000,0.000000][-1.011395,0.235252,0.048506][-1.000000,0.000000,0.000000][0.000000,1.000000,0.000000]
[-1.011395,0.264178,0.031898][-1.000000,0.000000,0.000000][0.000000,1.000000,0.000000][-1.011395,0.235252,0.048506][-1.000000,0.000000,0.000000][0.000000,1.000000,0.000000][-1.011395,0.264178,0.048506][-1.000000,0.000000,0.000000][0.000000,1.000000,0.000000]
[-1.011395,0.264178,-0.035112][-1.000000,0.000000,0.000000][0.000000,1.000000,0.000000][-1.011395,0.235252,-0.035112][-1.000000,0.000000,0.000000][0.000000,1.000000,0.000000][-1.011395,0.235252,-0.018506][-1.000000,0.000000,0.000000][0.000000,1.000000,0.000000]
[-1.011395,0.264178,-0.035112][-1.000000,0.000000,0.000000][0.000000,1.000000,0.000000][-1.011395,0.235252,-0.018506][-1.000000,0.000000,0.000000][0.000000,1.000000,0.000000][-1.011395,0.264178,-0.018506][-1.000000,0.000000,0.000000][0.000000,1.000000,0.000000]
[-1.011395,0.264178,0.048506][-0.852061,0.523443,0.000000][0.000000,1.000000,0.000000][-0.980433,0.314575,0.048506][-0.852061,0.523443,0.000000][0.000000,1.000000,0.000000][-1.011395,0.264178,0.031898][-0.852061,0.523443,0.000000][0.000000,1.000000,0.000000]
[-0.980433,0.314575,0.031898][-0.852061,0.523443,0.000000][0.000000,1.000000,0.000000][-1.011395,0.264178,0.031898][-0.852061,0.523443,0.000000][0.000000,1.000000,0.000000][-0.980433,0.314575,0.048506][-0.852061,0.523443,0.000000][0.000000,1.000000,0.000000]
[-1.011395,0.264178,-0.018506][-0.852061,0.523443,0.000000][0.000000,1.000000,0.000000][-0.980433,0.314575,-0.018506][-0.852061,0.523443,0.000000][0.000000,1.000000,0.000000][-1.011395,0.264178,-0.035112][-0.852061,0.523443,0.000000][0.000000,1.000000,0.000000]
[-0.980433,0.314575,-0.035112][-0.852061,0.523443,0.000000][0.000000,1.000000,0.000000][-1.011395,0.264178,-0.035112][-0.852061,0.523443,0.000000][0.000000,1.000000,0.000000][-0.980433,0.314575,-0.018506][-0.852061,0.523443,0.000000][0.000000,1.000000,0.000000]
[-0.946718,0.404565,0.003663][-0.990726,0.135874,0.000000][0.000000,1.000000,0.000000][-0.951637,0.368691,-0.001675][-0.990726,0.135874,0.000000][0.000000,1.000000,0.000000][-0.951637,0.368691,0.015068][-0.990726,0.135874,0.000000][0.000000,1.000000,0.000000]
[-0.946718,0.404565,0.003663][-0.990726,0.135874,0.000000][0.000000,1.000000,0.000000][-0.951637,0.368691,0.015068][-0.990726,0.135874,0.000000][0.000000,1.000000,0.000000][-0.946718,0.404565,0.009730][-0.990726,0.135874,0.000000][0.000000,1.000000,0.000000]
[-0.962261,0.322053,-0.026924][-1.000000,0.000000,0.000000][0.000000,1.000000,0.000000][-0.962261,0.371864,0.006696][-1.000000,0.000000,0.000000][0.000000,1.000000,0.000000][-0.962261,0.334416,-0.033648][-1.000000,0.000000,0.000000][0.000000,1.000000,0.000000]
[-0.962261,0.334416,-0.033648][-1.000000,0.000000,0.000000][0.000000,1.000000,0.000000][-0.962261,0.371864,0.006696][-1.000000,0.000000,0.000000][0.000000,1.000000,0.000000][-0.962261,0.381062,-0.015511][-1.000000,0.000000,0.000000][0.000000,1.000000,0.000000]
[-0.962261,0.406499,-0.033648][-1.000000,0.000000,0.000000][0.000000,1.000000,0.000000][-0.962261,0.334416,-0.033648][-1.000000,0.000000,0.000000][0.000000,1.000000,0.000000][-0.962261,0.381062,-0.015511][-1.000000,0.000000,0.000000][0.000000,1.000000,0.000000]
[-0.962261,0.406499,-0.033648][-1.000000,0.000000,0.000000][0.000000,1.000000,0.000000][-0.962261,0.381062,-0.015511][-1.000000,0.000000,0.000000][0.000000,1.000000,0.000000][-0.962261,0.403269,-0.024711][-1.000000,0.000000,0.000000][0.000000,1.000000,0.000000]
[-0.962261,0.406499,-0.033648][-1.000000,0.000000,0.000000][0.000000,1.000000,0.000000][-0.962261,0.403269,-0.024711][-1.000000,0.000000,0.000000][0.000000,1.000000,0.000000][-0.962261,0.406499,-0.023372][-1.000000,0.000000,0.000000][0.000000,1.000000,0.000000]
[-0.962261,0.371864,0.006696][-1.000000,0.000000,0.000000][0.000000,1.000000,0.000000][-0.962261,0.322053,-0.026924][-1.000000,0.000000,0.000000][0.000000,1.000000,0.000000][-0.962261,0.322053,0.040316][-1.000000,0.000000,0.000000][0.000000,1.000000,0.000000]
[-0.962261,0.232360,-0.026924][-1.000000,0.000000,0.000000][0.000000,1.000000,0.000000][-0.962261,0.322053,0.040316][-1.000000,0.000000,0.000000][0.000000,1.000000,0.000000][-0.962261,0.322053,-0.026924][-1.000000,0.000000,0.000000][0.000000,1.000000,0.000000]
[-0.962261,0.322053,0.040316][-1.000000,0.000000,0.000000][0.000000,1.000000,0.000000][-0.962261,0.232360,-0.026924][-1.000000,0.000000,0.000000][0.000000,1.000000,0.000000][-0.962261,0.232360,0.040316][-1.000000,0.000000,0.000000][0.000000,1.000000,0.000000]
[-0.962261,0.334416,0.047040][-1.000000,0.000000,0.000000][0.000000,1.000000,0.000000][-0.962261,0.371864,0.006696][-1.000000,0.000000,0.000000][0.000000,1.000000,0.000000][-0.962261,0.322053,0.040316][-1.000000,0.000000,0.000000][0.000000,1.000000,0.000000]
[-0.962261,0.371864,0.006696][-1.000000,0.000000,0.000000][0.000000,1.000000,0.000000][-0.962261,0.334416,0.047040][-1.000000,0.000000,0.000000][0.000000,1.000000,0.000000][-0.962261,0.381062,0.028903][-1.000000,0.000000,0.000000][0.000000,1.000000,0.000000]
[-0.962261,0.381062,0.028903][-1.000000,0.000000,0.000000][0.000000,1.000000,0.000000][-0.962261,0.334416,0.047040][-1.000000,0.000000,0.000000][0.000000,1.000000,0.000000][-0.962261,0.406499,0.047040][-1.000000,0.000000,0.000000][0.000000,1.000000,0.000000]
[-0.962261,0.381062,0.028903][-1.000000,0.000000,0.000000][0.000000,1.000000,0.000000][-0.962261,0.406499,0.047040][-1.000000,0.000000,0.000000][0.000000,1.000000,0.000000][-0.962261,0.403269,0.038103][-1.000000,0.000000,0.000000][0.000000,1.000000,0.000000]
[-0.962261,0.406499,0.047040][-1.000000,0.000000,0.000000][0.000000,1.000000,0.000000][-0.962261,0.406499,0.036764][-1.000000,0.000000,0.000000][0.000000,1.000000,0.000000][-0.962261,0.403269,0.038103][-1.000000,0.000000,0.000000][0.000000,1.000000,0.000000]
[0.259813,-0.122156,0.152313][0.000000,-1.000000,0.000000][0.000000,1.000000,0.000000][-1.206815,-0.122156,0.152313][0.000000,-1.000000,0.000000][0.000000,1.000000,0.000000][0.259813,-0.122156,-0.139788][0.000000,-1.000000,0.000000][0.000000,1.000000,0.000000]
[-1.206815,-0.122156,-0.139788][0.000000,-1.000000,0.000000][0.000000,1.000000,0.000000][0.259813,-0.122156,-0.139788][0.000000,-1.000000,0.000000][0.000000,1.000000,0.000000][-1.206815,-0.122156,0.152313][0.000000,-1.000000,0.000000][0.000000,1.000000,0.000000]
[0.559132,0.443585,-0.017449][0.000000,1.000000,0.000000][0.000000,1.000000,0.000000][0.524652,0.443585,-0.017449][0.000000,1.000000,0.000000][0.000000,1.000000,0.000000][0.524652,0.443585,0.030841][0.000000,1.000000,0.000000][0.000000,1.000000,0.000000]
[0.559132,0.443585,-0.017449][0.000000,1.000000,0.000000][0.000000,1.000000,0.000000][0.524652,0.443585,0.030841][0.000000,1.000000,0.000000][0.000000,1.000000,0.000000][0.559132,0.443585,0.030841][0.000000,1.000000,0.000000][0.000000,1.000000,0.000000]
[-0.962261,0.406499,-0.033648][0.000000,1.000000,0.000000][0.000000,1.000000,0.000000][-0.926351,0.406499,-0.023372][0.000000,1.000000,0.000000][0.000000,1.000000,0.000000][-0.926351,0.406499,-0.033648][0.000000,1.000000,0.000000][0.000000,1.000000,0.000000]
[-0.926351,0.406499,-0.023372][0.000000,1.000000,0.000000][0.000000,1.000000,0.000000][-0.962261,0.406499,-0.033648][0.000000,1.000000,0.000000][0.000000,1.000000,0.000000][-0.962261,0.406499,-0.023372][0.000000,1.000000,0.000000][0.000000,1.000000,0.000000]
[-0.962261,0.406499,0.047040][0.000000,1.000000,0.000000][0.000000,1.000000,0.000000][-0.926351,0.406499,0.047040][0.000000,1.000000,0.000000][0.000000,1.000000,0.000000][-0.962261,0.406499,0.036764][0.000000,1.000000,0.000000][0.000000,1.000000,0.000000]
[-0.926351,0.406499,0.036764][0.000000,1.000000,0.000000][0.000000,1.000000,0.000000][-0.962261,0.406499,0.036764][0.000000,1.000000,0.000000][0.000000,1.000000,0.000000][-0.926351,0.406499,0.047040][0.000000,1.000000,0.000000][0.000000,1.000000,0.000000]
[-0.941128,0.404565,0.003663][0.000000,1.000000,0.000000][0.000000,1.000000,0.000000][-0.946718,0.404565,0.003663][0.000000,1.000000,0.000000][0.000000,1.000000,0.000000][-0.946718,0.404565,0.009730][0.000000,1.000000,0.000000][0.000000,1.000000,0.000000]
[-0.941128,0.404565,0.003663][0.000000,1.000000,0.000000][0.000000,1.000000,0.000000][-0.946718,0.404565,0.009730][0.000000,1.000000,0.000000][0.000000,1.000000,0.000000][-0.941128,0.404565,0.009730][0.000000,1.000000,0.000000][0.000000,1.000000,0.000000]
[0.559132,0.426336,-0.034698][0.000000,0.707107,-0.707107][0.000000,1.000000,0.000000][0.524652,0.426336,-0.034698][0.000000,0.707107,-0.707107][0.000000,1.000000,0.000000][0.524652,0.443585,-0.017449][0.000000,0.707107,-0.707107][0.000000,1.000000,0.000000]
[0.559132,0.426336,-0.034698][0.000000,0.707107,-0.707107][0.000000,1.000000,0.000000][0.524652,0.443585,-0.017449][0.000000,0.707107,-0.707107][0.000000,1.000000,0.000000][0.559132,0.443585,-0.017449][0.000000,0.707107,-0.707107][0.000000,1.000000,0.000000]
[-0.926351,0.403269,0.038103][0.000000,0.000000,-1.000000][0.000000,1.000000,0.000000][-0.962261,0.381062,0.028903][0.000000,0.707107,-0.707107][0.000000,1.000000,0.000000][-0.962261,0.403269,0.038103][0.000000,0.000000,-1.000000][0.000000,1.000000,0.000000]
[-0.962261,0.403269,0.038103][0.000000,0.000000,-1.000000][0.000000,1.000000,0.000000][-0.926351,0.406499,0.036764][0.000000,-0.382690,-0.923877][0.000000,1.000000,0.000000][-0.926351,0.403269,0.038103][0.000000,0.000000,-1.000000][0.000000,1.000000,0.000000]
[-0.926351,0.406499,0.036764][0.000000,-0.382690,-0.923877][0.000000,1.000000,0.000000][-0.962261,0.403269,0.038103][0.000000,0.000000,-1.000000][0.000000,1.000000,0.000000][-0.962261,0.406499,0.036764][0.000000,-0.382690,-0.923877][0.000000,1.000000,0.000000]
[-0.962261,0.381062,0.028903][0.000000,0.707107,-0.707107][0.000000,1.000000,0.000000][-0.926351,0.403269,0.038103][0.000000,0.000000,-1.000000][0.000000,1.000000,0.000000][-0.926351,0.381062,0.028903][0.000000,0.707107,-0.707107][0.000000,1.000000,0.000000]
[-0.926351,0.371864,0.006696][0.000000,1.000000,0.000000][0.000000,1.000000,0.000000][-0.962261,0.381062,0.028903][0.000000,0.707107,-0.707107][0.000000,1.000000,0.000000][-0.926351,0.381062,0.028903][0.000000,0.707107,-0.707107][0.000000,1.000000,0.000000]
[-0.962261,0.381062,0.028903][0.000000,0.707107,-0.707107][0.000000,1.000000,0.000000][-0.926351,0.371864,0.006696][0.000000,1.000000,0.000000][0.000000,1.000000,0.000000][-0.962261,0.371864,0.006696][0.000000,1.000000,0.000000][0.000000,1.000000,0.000000]
[-0.962261,0.371864,0.006696][0.000000,1.000000,0.000000][0.000000,1.000000,0.000000][-0.926351,0.371864,0.006696][0.000000,1.000000,0.000000][0.000000,1.000000,0.000000][-0.962261,0.381062,-0.015511][0.000000,0.707107,0.707107][0.000000,1.000000,0.000000]
[-0.926351,0.381062,-0.015511][0.000000,0.707107,0.707107][0.000000,1.000000,0.000000][-0.962261,0.381062,-0.015511][0.000000,0.707107,0.707107][0.000000,1.000000,0.000000][-0.926351,0.371864,0.006696][0.000000,1.000000,0.000000][0.000000,1.000000,0.000000]
[-0.926351,0.381062,-0.015511][0.000000,0.707107,0.707107][0.000000,1.000000,0.000000][-0.962261,0.403269,-0.024711][0.000000,0.000000,1.000000][0.000000,1.000000,0.000000][-0.962261,0.381062,-0.015511][0.000000,0.707107,0.707107][0.000000,1.000000,0.000000]
[-0.962261,0.403269,-0.024711][0.000000,0.000000,1.000000][0.000000,1.000000,0.000000][-0.926351,0.381062,-0.015511][0.000000,0.707107,0.707107][0.000000,1.000000,0.000000][-0.926351,0.403269,-0.024711][0.000000,0.000000,1.000000][0.000000,1.000000,0.000000]
[-0.926351,0.403269,-0.024711][0.000000,0.000000,1.000000][0.000000,1.000000,0.000000][-0.962261,0.406499,-0.023372][0.000000,-0.382690,0.923877][0.000000,1.000000,0.000000][-0.962261,0.403269,-0.024711][0.000000,0.000000,1.000000][0.000000,1.000000,0.000000]
[-0.962261,0.406499,-0.023372][0.000000,-0.382690,0.923877][0.000000,1.000000,0.000000][-0.926351,0.403269,-0.024711][0.000000,0.000000,1.000000][0.000000,1.000000,0.000000][-0.926351,0.406499,-0.023372][0.000000,-0.382690,0.923877][0.000000,1.000000,0.000000]
[0.559132,0.443585,0.030841][0.000000,0.707107,0.707107][0.000000,1.000000,0.000000][0.524652,0.443585,0.030841][0.000000,0.707107,0.707107][0.000000,1.000000,0.000000][0.524652,0.426336,0.048090][0.000000,0.707107,0.707107][0.000000,1.000000,0.000000]
[0.559132,0.443585,0.030841][0.000000,0.707107,0.707107][0.000000,1.000000,0.000000][0.524652,0.426336,0.048090][0.000000,0.707107,0.707107][0.000000,1.000000,0.000000][0.559132,0.426336,0.048090][0.000000,0.707107,0.707107][0.000000,1.000000,0.000000]
[-1.057435,0.025281,0.032612][0.000000,-1.000000,0.000000][0.000000,1.000000,0.000000][0.004811,0.025281,0.032612][0.000000,-1.000000,0.000000][0.000000,1.000000,0.000000][0.004811,0.025281,0.159336][0.000000,-1.000000,0.000000][0.000000,1.000000,0.000000]
[-1.057435,0.025281,0.032612][0.000000,-1.000000,0.000000][0.000000,1.000000,0.000000][0.004811,0.025281,0.159336][0.000000,-1.000000,0.000000][0.000000,1.000000,0.000000][-1.057435,0.025281,0.159336][0.000000,-1.000000,0.000000][0.000000,1.000000,0.000000]
[-0.836257,-0.259110,-0.156015][0.000000,0.000000,-1.000000][0.000000,1.000000,0.000000][-1.153055,-0.259110,-0.156015][0.000000,0.000000,-1.000000][0.000000,1.000000,0.000000][-0.836257,-0.122156,-0.156015][0.000000,0.000000,-1.000000][0.000000,1.000000,0.000000]
[-1.230461,-0.122156,-0.156015][0.000000,0.000000,-1.000000][0.000000,1.000000,0.000000][-0.836257,-0.122156,-0.156015][0.000000,0.000000,-1.000000][0.000000,1.000000,0.000000][-1.153055,-0.259110,-0.156015][0.000000,0.000000,-1.000000][0.000000,1.000000,0.000000]
[0.559132,0.371820,0.006696][0.000000,0.923877,-0.382690][0.000000,1.000000,0.000000][0.524652,0.371820,0.006696][0.000000,0.923877,-0.382690][0.000000,1.000000,0.000000][0.559132,0.381153,0.029229][0.000000,0.923877,-0.382690][0.000000,1.000000,0.000000]
[0.524652,0.371820,0.006696][0.000000,0.923877,-0.382690][0.000000,1.000000,0.000000][0.524652,0.381153,0.029229][0.000000,0.923877,-0.382690][0.000000,1.000000,0.000000][0.559132,0.381153,0.029229][0.000000,0.923877,-0.382690][0.000000,1.000000,0.000000]
[0.559132,0.381153,-0.015837][0.000000,0.923877,0.382690][0.000000,1.000000,0.000000][0.524652,0.381153,-0.015837][0.000000,0.923877,0.382690][0.000000,1.000000,0.000000][0.559132,0.371820,0.006696][0.000000,0.923877,0.382690][0.000000,1.000000,0.000000]
[0.524652,0.381153,-0.015837][0.000000,0.923877,0.382690][0.000000,1.000000,0.000000][0.524652,0.371820,0.006696][0.000000,0.923877,0.382690][0.000000,1.000000,0.000000][0.559132,0.371820,0.006696][0.000000,0.923877,0.382690][0.000000,1.000000,0.000000]
[-0.836257,-0.122156,0.168541][0.000000,0.000000,1.000000][0.000000,1.000000,0.000000][-1.153055,-0.259110,0.168541][0.000000,0.000000,1.000000][0.000000,1.000000,0.000000][-0.836257,-0.259110,0.168541][0.000000,0.000000,1.000000][0.000000,1.000000,0.000000]
[-1.153055,-0.259110,0.168541][0.000000,0.000000,1.000000][0.000000,1.000000,0.000000][-0.836257,-0.122156,0.168541][0.000000,0.000000,1.000000][0.000000,1.000000,0.000000][-1.230461,-0.122156,0.168541][0.000000,0.000000,1.000000][0.000000,1.000000,0.000000]
[-0.887713,0.314575,0.031898][0.000000,1.000000,0.000000][0.000000,1.000000,0.000000][-0.980433,0.314575,0.031898][0.000000,1.000000,0.000000][0.000000,1.000000,0.000000][-0.980433,0.314575,0.048506][0.000000,1.000000,0.000000][0.000000,1.000000,0.000000]
[-0.887713,0.314575,0.031898][0.000000,1.000000,0.000000][0.000000,1.000000,0.000000][-0.980433,0.314575,0.048506][0.000000,1.000000,0.000000][0.000000,1.000000,0.000000][-0.887713,0.314575,0.048506][0.000000,1.000000,0.000000][0.000000,1.000000,0.000000]
[-0.980433,0.314575,-0.035112][0.000000,1.000000,0.000000][0.000000,1.000000,0.000000][-0.887713,0.314575,-0.018506][0.000000,1.000000,0.000000][0.000000,1.000000,0.000000][-0.887713,0.314575,-0.035113][0.000000,1.000000,0.000000][0.000000,1.000000,0.000000]
[-0.887713,0.314575,-0.018506][0.000000,1.000000,0.000000][0.000000,1.000000,0.000000][-0.980433,0.314575,-0.035112][0.000000,1.000000,0.000000][0.000000,1.000000,0.000000][-0.980433,0.314575,-0.018506][0.000000,1.000000,0.000000][0.000000,1.000000,0.000000]
[0.427854,0.264178,-0.035113][-0.908224,0.418485,0.000000][0.000000,1.000000,0.000000][0.427854,0.235252,-0.035113][-1.000000,0.000000,0.000000][0.000000,1.000000,0.000000][0.427854,0.235252,-0.018506][-1.000000,0.000000,0.000000][0.000000,1.000000,0.000000]
[0.427854,0.264178,-0.035113][-0.908224,0.418485,0.000000][0.000000,1.000000,0.000000][0.427854,0.235252,-0.018506][-1.000000,0.000000,0.000000][0.000000,1.000000,0.000000][0.427854,0.264178,-0.018506][-0.908224,0.418485,0.000000][0.000000,1.000000,0.000000]
[0.427854,0.264178,-0.018506][-0.908224,0.418485,0.000000][0.000000,1.000000,0.000000][0.489779,0.314575,-0.018506][-0.340113,0.940385,0.000000][0.000000,1.000000,0.000000][0.427854,0.264178,-0.035113][-0.908224,0.418485,0.000000][0.000000,1.000000,0.000000]
[0.489779,0.314575,-0.035113][-0.340113,0.940385,0.000000][0.000000,1.000000,0.000000][0.427854,0.264178,-0.035113][-0.908224,0.418485,0.000000][0.000000,1.000000,0.000000][0.489779,0.314575,-0.018506][-0.340113,0.940385,0.000000][0.000000,1.000000,0.000000]
[0.489779,0.314575,-0.018506][-0.340113,0.940385,0.000000][0.000000,1.000000,0.000000][0.582499,0.314575,-0.035113][0.502224,0.864738,0.000000][0.000000,1.000000,0.000000][0.489779,0.314575,-0.035113][-0.340113,0.940385,0.000000][0.000000,1.000000,0.000000]
[0.582499,0.314575,-0.035113][0.502224,0.864738,0.000000][0.000000,1.000000,0.000000][0.489779,0.314575,-0.018506][-0.340113,0.940385,0.000000][0.000000,1.000000,0.000000][0.582499,0.314575,-0.018506][0.502224,0.864738,0.000000][0.000000,1.000000,0.000000]
[0.613462,0.264178,-0.018506][0.963205,0.268767,0.000000][0.000000,1.000000,0.000000][0.582499,0.314575,-0.035113][0.502224,0.864738,0.000000][0.000000,1.000000,0.000000][0.582499,0.314575,-0.018506][0.502224,0.864738,0.000000][0.000000,1.000000,0.000000]
[0.582499,0.314575,-0.035113][0.502224,0.864738,0.000000][0.000000,1.000000,0.000000][0.613462,0.264178,-0.018506][0.963205,0.268767,0.000000][0.000000,1.000000,0.000000][0.613462,0.264178,-0.035113][0.963205,0.268767,0.000000][0.000000,1.000000,0.000000]
[0.613462,0.264178,-0.018506][0.963205,0.268767,0.000000][0.000000,1.000000,0.000000][0.613462,0.235252,-0.035113][1.000000,0.000000,0.000000][0.000000,1.000000,0.000000][0.613462,0.264178,-0.035113][0.963205,0.268767,0.000000][0.000000,1.000000,0.000000]
[0.613462,0.235252,-0.035113][1.000000,0.000000,0.000000][0.000000,1.000000,0.000000][0.613462,0.264178,-0.018506][0.963205,0.268767,0.000000][0.000000,1.000000,0.000000][0.613462,0.235252,-0.018506][1.000000,0.000000,0.000000][0.000000,1.000000,0.000000]
[0.427854,0.264178,0.031898][-0.908224,0.418485,0.000000][0.000000,1.000000,0.000000][0.427854,0.235252,0.031898][-1.000000,0.000000,0.000000][0.000000,1.000000,0.000000][0.427854,0.235252,0.048506][-1.000000,0.000000,0.000000][0.000000,1.000000,0.000000]
[0.427854,0.264178,0.031898][-0.908224,0.418485,0.000000][0.000000,1.000000,0.000000][0.427854,0.235252,0.048506][-1.000000,0.000000,0.000000][0.000000,1.000000,0.000000][0.427854,0.264178,0.048506][-0.908224,0.418485,0.000000][0.000000,1.000000,0.000000]
[0.427854,0.264178,0.048506][-0.908224,0.418485,0.000000][0.000000,1.000000,0.000000][0.489779,0.314575,0.048506][-0.340113,0.940385,0.000000][0.000000,1.000000,0.000000][0.427854,0.264178,0.031898][-0.908224,0.418485,0.000000][0.000000,1.000000,0.000000]
[0.489779,0.314575,0.031898][-0.340113,0.940385,0.000000][0.000000,1.000000,0.000000][0.427854,0.264178,0.031898][-0.908224,0.418485,0.000000][0.000000,1.000000,0.000000][0.489779,0.314575,0.048506][-0.340113,0.940385,0.000000][0.000000,1.000000,0.000000]
[0.489779,0.314575,0.048506][-0.340113,0.940385,0.000000][0.000000,1.000000,0.000000][0.582499,0.314575,0.031898][0.502224,0.864738,0.000000][0.000000,1.000000,0.000000][0.489779,0.314575,0.031898][-0.340113,0.940385,0.000000][0.000000,1.000000,0.000000]
[0.582499,0.314575,0.031898][0.502224,0.864738,0.000000][0.000000,1.000000,0.000000][0.489779,0.314575,0.048506][-0.340113,0.940385,0.000000][0.000000,1.000000,0.000000][0.582499,0.314575,0.048506][0.502224,0.864738,0.000000][0.000000,1.000000,0.000000]
[0.613462,0.264178,0.048506][0.963205,0.268767,0.000000][0.000000,1.000000,0.000000][0.582499,0.314575,0.031898][0.502224,0.864738,0.000000][0.000000,1.000000,0.000000][0.582499,0.314575,0.048506][0.502224,0.864738,0.000000][0.000000,1.000000,0.000000]
[0.582499,0.314575,0.031898][0.502224,0.864738,0.000000][0.000000,1.000000,0.000000][0.613462,0.264178,0.048506][0.963205,0.268767,0.000000][0.000000,1.000000,0.000000][0.613462,0.264178,0.031898][0.963205,0.268767,0.000000][0.000000,1.000000,0.000000]
[0.613462,0.264178,0.048506][0.963205,0.268767,0.000000][0.000000,1.000000,0.000000][0.613462,0.235252,0.031898][1.000000,0.000000,0.000000][0.000000,1.000000,0.000000][0.613462,0.264178,0.031898][0.963205,0.268767,0.000000][0.000000,1.000000,0.000000]
[0.613462,0.235252,0.031898][1.000000,0.000000,0.000000][0.000000,1.000000,0.000000][0.613462,0.264178,0.048506][0.963205,0.268767,0.000000][0.000000,1.000000,0.000000][0.613462,0.235252,0.048506][1.000000,0.000000,0.000000][0.000000,1.000000,0.000000]
[0.662325,0.241261,-0.040473][0.000000,0.347702,-0.937605][0.000000,1.000000,0.000000][0.259813,0.165159,-0.068698][0.000000,0.395403,-0.918508][0.000000,1.000000,0.000000][0.259813,0.241261,-0.040473][0.000000,0.347702,-0.937605][0.000000,1.000000,0.000000]
[0.259813,0.165159,-0.068698][0.000000,0.395403,-0.918508][0.000000,1.000000,0.000000][0.662325,0.241261,-0.040473][0.000000,0.347702,-0.937605][0.000000,1.000000,0.000000][0.708769,0.165159,-0.068698][0.000000,0.347702,-0.937605][0.000000,1.000000,0.000000]
[0.259813,0.165159,-0.068698][0.000000,0.395403,-0.918508][0.000000,1.000000,0.000000][-1.067483,0.241261,-0.040473][0.000000,0.347702,-0.937605][0.000000,1.000000,0.000000][0.259813,0.241261,-0.040473][0.000000,0.347702,-0.937605][0.000000,1.000000,0.000000]
[-1.067483,0.241261,-0.040473][0.000000,0.347702,-0.937605][0.000000,1.000000,0.000000][0.259813,0.165159,-0.068698][0.000000,0.395403,-0.918508][0.000000,1.000000,0.000000][-1.206815,0.165159,-0.068698][0.000000,0.455196,-0.890391][0.000000,1.000000,0.000000]
[-1.206815,0.165159,-0.068698][0.000000,0.455196,-0.890391][0.000000,1.000000,0.000000][0.259813,0.165159,-0.068698][0.000000,0.395403,-0.918508][0.000000,1.000000,0.000000][-1.206815,-0.027527,-0.176300][0.000000,0.070501,-0.997512][0.000000,1.000000,0.000000]
[0.259813,-0.027527,-0.176300][0.000000,0.070501,-0.997512][0.000000,1.000000,0.000000][-1.206815,-0.027527,-0.176300][0.000000,0.070501,-0.997512][0.000000,1.000000,0.000000][0.259813,0.165159,-0.068698][0.000000,0.395403,-0.918508][0.000000,1.000000,0.000000]
[-1.206815,-0.027527,-0.176300][0.000000,0.070501,-0.997512][0.000000,1.000000,0.000000][0.259813,-0.027527,-0.176300][0.000000,0.070501,-0.997512][0.000000,1.000000,0.000000][-1.206815,-0.122156,-0.139788][0.000000,-0.359984,-0.932958][0.000000,1.000000,0.000000]
[0.259813,-0.122156,-0.139788][0.000000,-0.359984,-0.932958][0.000000,1.000000,0.000000][-1.206815,-0.122156,-0.139788][0.000000,-0.359984,-0.932958][0.000000,1.000000,0.000000][0.259813,-0.027527,-0.176300][0.000000,0.070501,-0.997512][0.000000,1.000000,0.000000]
[-1.206815,-0.027527,0.188826][0.000000,0.070501,0.997512][0.000000,1.000000,0.000000][-1.057435,-0.080354,0.168442][0.000000,-0.359984,0.932958][0.000000,1.000000,0.000000][-1.057435,-0.027527,0.188826][0.000000,0.070501,0.997512][0.000000,1.000000,0.000000]
[-1.057435,0.025281,0.159336][0.000000,0.487586,0.873075][0.000000,1.000000,0.000000][-1.206815,-0.027527,0.188826][0.000000,0.070501,0.997512][0.000000,1.000000,0.000000][-1.057435,-0.027527,0.188826][0.000000,0.070501,0.997512][0.000000,1.000000,0.000000]
[-1.057435,-0.080354,0.168442][0.000000,-0.359984,0.932958][0.000000,1.000000,0.000000][-1.206815,-0.027527,0.188826][0.000000,0.070501,0.997512][0.000000,1.000000,0.000000][-1.206815,-0.122156,0.152313][0.000000,-0.359984,0.932958][0.000000,1.000000,0.000000]
[-1.206815,-0.027527,0.188826][0.000000,0.070501,0.997512][0.000000,1.000000,0.000000][-1.057435,0.025281,0.159336][0.000000,0.487586,0.873075][0.000000,1.000000,0.000000][-1.206815,0.165159,0.081224][0.000000,0.455196,0.890391][0.000000,1.000000,0.000000]
[-1.206815,-0.122156,0.152313][0.000000,-0.359984,0.932958][0.000000,1.000000,0.000000][0.004811,-0.080354,0.168442][0.000000,-0.359984,0.932958][0.000000,1.000000,0.000000][-1.057435,-0.080354,0.168442][0.000000,-0.359984,0.932958][0.000000,1.000000,0.000000]
[0.004811,-0.080354,0.168442][0.000000,-0.359984,0.932958][0.000000,1.000000,0.000000][-1.206815,-0.122156,0.152313][0.000000,-0.359984,0.932958][0.000000,1.000000,0.000000][0.259813,-0.122156,0.152313][0.000000,-0.359984,0.932958][0.000000,1.000000,0.000000]
[0.259813,-0.027527,0.188826][0.000000,0.070501,0.997512][0.000000,1.000000,0.000000][0.004811,-0.080354,0.168442][0.000000,-0.359984,0.932958][0.000000,1.000000,0.000000][0.259813,-0.122156,0.152313][0.000000,-0.359984,0.932958][0.000000,1.000000,0.000000]
[0.004811,-0.080354,0.168442][0.000000,-0.359984,0.932958][0.000000,1.000000,0.000000][0.259813,-0.027527,0.188826][0.000000,0.070501,0.997512][0.000000,1.000000,0.000000][0.004811,-0.027527,0.188826][0.000000,0.070501,0.997512][0.000000,1.000000,0.000000]
[0.259813,-0.027527,0.188826][0.000000,0.070501,0.997512][0.000000,1.000000,0.000000][0.004811,0.025281,0.159336][0.000000,0.487586,0.873075][0.000000,1.000000,0.000000][0.004811,-0.027527,0.188826][0.000000,0.070501,0.997512][0.000000,1.000000,0.000000]
[0.004811,0.025281,0.159336][0.000000,0.487586,0.873075][0.000000,1.000000,0.000000][-1.206815,0.165159,0.081224][0.000000,0.455196,0.890391][0.000000,1.000000,0.000000][-1.057435,0.025281,0.159336][0.000000,0.487586,0.873075][0.000000,1.000000,0.000000]
[0.259813,-0.027527,0.188826][0.000000,0.070501,0.997512][0.000000,1.000000,0.000000][0.259813,0.165159,0.081224][0.000000,0.395403,0.918508][0.000000,1.000000,0.000000][0.004811,0.025281,0.159336][0.000000,0.487586,0.873075][0.000000,1.000000,0.000000]
[-1.206815,0.165159,0.081224][0.000000,0.455196,0.890391][0.000000,1.000000,0.000000][0.004811,0.025281,0.159336][0.000000,0.487586,0.873075][0.000000,1.000000,0.000000][0.259813,0.165159,0.081224][0.000000,0.395403,0.918508][0.000000,1.000000,0.000000]
[-1.206815,0.165159,0.081224][0.000000,0.455196,0.890391][0.000000,1.000000,0.000000][0.259813,0.165159,0.081224][0.000000,0.395403,0.918508][0.000000,1.000000,0.000000][-1.067483,0.241261,0.052999][0.000000,0.347702,0.937605][0.000000,1.000000,0.000000]
[0.259813,0.241261,0.052999][0.000000,0.347702,0.937605][0.000000,1.000000,0.000000][-1.067483,0.241261,0.052999][0.000000,0.347702,0.937605][0.000000,1.000000,0.000000][0.259813,0.165159,0.081224][0.000000,0.395403,0.918508][0.000000,1.000000,0.000000]
[0.259813,0.165159,0.081224][0.000000,0.395403,0.918508][0.000000,1.000000,0.000000][0.662325,0.241261,0.052999][0.000000,0.347702,0.937605][0.000000,1.000000,0.000000][0.259813,0.241261,0.052999][0.000000,0.347702,0.937605][0.000000,1.000000,0.000000]
[0.662325,0.241261,0.052999][0.000000,0.347702,0.937605][0.000000,1.000000,0.000000][0.259813,0.165159,0.081224][0.000000,0.395403,0.918508][0.000000,1.000000,0.000000][0.708769,0.165159,0.081224][0.000000,0.347702,0.937605][0.000000,1.000000,0.000000]
[0.559132,0.403686,0.038562][0.000000,0.382690,-0.923877][0.000000,1.000000,0.000000][0.524652,0.381153,0.029229][0.000000,0.382690,-0.923877][0.000000,1.000000,0.000000][0.524652,0.403686,0.038562][0.000000,0.382690,-0.923877][0.000000,1.000000,0.000000]
[0.524652,0.381153,0.029229][0.000000,0.382690,-0.923877][0.000000,1.000000,0.000000][0.559132,0.403686,0.038562][0.000000,0.382690,-0.923877][0.000000,1.000000,0.000000][0.559132,0.381153,0.029229][0.000000,0.382690,-0.923877][0.000000,1.000000,0.000000]
[-0.825789,0.235252,-0.035113][0.000000,0.000000,-1.000000][0.000000,1.000000,0.000000][-0.887713,0.314575,-0.035113][0.000000,0.000000,-1.000000][0.000000,1.000000,0.000000][-0.825789,0.264178,-0.035113][0.000000,0.000000,-1.000000][0.000000,1.000000,0.000000]
[-0.887713,0.314575,-0.035113][0.000000,0.000000,-1.000000][0.000000,1.000000,0.000000][-0.825789,0.235252,-0.035113][0.000000,0.000000,-1.000000][0.000000,1.000000,0.000000][-1.011395,0.235252,-0.035112][0.000000,0.000000,-1.000000][0.000000,1.000000,0.000000]
[-0.887713,0.314575,-0.035113][0.000000,0.000000,-1.000000][0.000000,1.000000,0.000000][-1.011395,0.235252,-0.035112][0.000000,0.000000,-1.000000][0.000000,1.000000,0.000000][-0.980433,0.314575,-0.035112][0.000000,0.000000,-1.000000][0.000000,1.000000,0.000000]
[-0.980433,0.314575,-0.035112][0.000000,0.000000,-1.000000][0.000000,1.000000,0.000000][-1.011395,0.235252,-0.035112][0.000000,0.000000,-1.000000][0.000000,1.000000,0.000000][-1.011395,0.264178,-0.035112][0.000000,0.000000,-1.000000][0.000000,1.000000,0.000000]
[0.582499,0.314575,-0.035113][0.000000,0.000000,-1.000000][0.000000,1.000000,0.000000][0.613462,0.235252,-0.035113][0.000000,0.000000,-1.000000][0.000000,1.000000,0.000000][0.489779,0.314575,-0.035113][0.000000,0.000000,-1.000000][0.000000,1.000000,0.000000]
[0.613462,0.235252,-0.035113][0.000000,0.000000,-1.000000][0.000000,1.000000,0.000000][0.582499,0.314575,-0.035113][0.000000,0.000000,-1.000000][0.000000,1.000000,0.000000][0.613462,0.264178,-0.035113][0.000000,0.000000,-1.000000][0.000000,1.000000,0.000000]
[0.489779,0.314575,-0.035113][0.000000,0.000000,-1.000000][0.000000,1.000000,0.000000][0.613462,0.235252,-0.035113][0.000000,0.000000,-1.000000][0.000000,1.000000,0.000000][0.427854,0.235252,-0.035113][0.000000,0.000000,-1.000000][0.000000,1.000000,0.000000]
[0.489779,0.314575,-0.035113][0.000000,0.000000,-1.000000][0.000000,1.000000,0.000000][0.427854,0.235252,-0.035113][0.000000,0.000000,-1.000000][0.000000,1.000000,0.000000][0.427854,0.264178,-0.035113][0.000000,0.000000,-1.000000][0.000000,1.000000,0.000000]
[0.559132,0.426336,-0.034698][0.000000,0.000000,-1.000000][0.000000,1.000000,0.000000][0.559132,0.335306,-0.034698][0.000000,0.000000,-1.000000][0.000000,1.000000,0.000000][0.524652,0.426336,-0.034698][0.000000,0.000000,-1.000000][0.000000,1.000000,0.000000]
[0.524652,0.426336,-0.034698][0.000000,0.000000,-1.000000][0.000000,1.000000,0.000000][0.559132,0.335306,-0.034698][0.000000,0.000000,-1.000000][0.000000,1.000000,0.000000][0.524652,0.335306,-0.034698][0.000000,0.000000,-1.000000][0.000000,1.000000,0.000000]
[0.524652,0.381153,-0.015837][0.000000,0.382690,0.923877][0.000000,1.000000,0.000000][0.559132,0.381153,-0.015837][0.000000,0.382690,0.923877][0.000000,1.000000,0.000000][0.559132,0.403686,-0.025170][0.000000,0.382690,0.923877][0.000000,1.000000,0.000000]
[0.524652,0.381153,-0.015837][0.000000,0.382690,0.923877][0.000000,1.000000,0.000000][0.559132,0.403686,-0.025170][0.000000,0.382690,0.923877][0.000000,1.000000,0.000000][0.524652,0.403686,-0.025170][0.000000,0.382690,0.923877][0.000000,1.000000,0.000000]
[0.559132,0.321643,-0.026925][0.000000,0.000000,-1.000000][0.000000,1.000000,0.000000][0.524652,0.232647,-0.026925][0.000000,0.000000,-1.000000][0.000000,1.000000,0.000000][0.524652,0.321643,-0.026925][0.000000,0.000000,-1.000000][0.000000,1.000000,0.000000]
[0.524652,0.232647,-0.026925][0.000000,0.000000,-1.000000][0.000000,1.000000,0.000000][0.559132,0.321643,-0.026925][0.000000,0.000000,-1.000000][0.000000,1.000000,0.000000][0.559132,0.232647,-0.026925][0.000000,0.000000,-1.000000][0.000000,1.000000,0.000000]
[-0.951637,0.368691,-0.001675][0.000000,0.147201,-0.989107][0.000000,1.000000,0.000000][-0.941128,0.404565,0.003663][0.000000,0.147201,-0.989107][0.000000,1.000000,0.000000][-0.936209,0.368691,-0.001675][0.000000,0.147201,-0.989107][0.000000,1.000000,0.000000]
[-0.941128,0.404565,0.003663][0.000000,0.147201,-0.989107][0.000000,1.000000,0.000000][-0.951637,0.368691,-0.001675][0.000000,0.147201,-0.989107][0.000000,1.000000,0.000000][-0.946718,0.404565,0.003663][0.000000,0.147201,-0.989107][0.000000,1.000000,0.000000]
[-0.887713,0.314575,0.048506][0.000000,0.000000,1.000000][0.000000,1.000000,0.000000][-1.011395,0.235252,0.048506][0.000000,0.000000,1.000000][0.000000,1.000000,0.000000][-0.825789,0.235252,0.048504][0.000000,0.000000,1.000000][0.000000,1.000000,0.000000]
[-0.887713,0.314575,0.048506][0.000000,0.000000,1.000000][0.000000,1.000000,0.000000][-0.825789,0.235252,0.048504][0.000000,0.000000,1.000000][0.000000,1.000000,0.000000][-0.825789,0.264178,0.048504][0.000000,0.000000,1.000000][0.000000,1.000000,0.000000]
[-0.980433,0.314575,0.048506][0.000000,0.000000,1.000000][0.000000,1.000000,0.000000][-1.011395,0.235252,0.048506][0.000000,0.000000,1.000000][0.000000,1.000000,0.000000][-0.887713,0.314575,0.048506][0.000000,0.000000,1.000000][0.000000,1.000000,0.000000]
[-1.011395,0.235252,0.048506][0.000000,0.000000,1.000000][0.000000,1.000000,0.000000][-0.980433,0.314575,0.048506][0.000000,0.000000,1.000000][0.000000,1.000000,0.000000][-1.011395,0.264178,0.048506][0.000000,0.000000,1.000000][0.000000,1.000000,0.000000]
[0.613462,0.235252,0.048506][0.000000,0.000000,1.000000][0.000000,1.000000,0.000000][0.582499,0.314575,0.048506][0.000000,0.000000,1.000000][0.000000,1.000000,0.000000][0.489779,0.314575,0.048506][0.000000,0.000000,1.000000][0.000000,1.000000,0.000000]
[0.582499,0.314575,0.048506][0.000000,0.000000,1.000000][0.000000,1.000000,0.000000][0.613462,0.235252,0.048506][0.000000,0.000000,1.000000][0.000000,1.000000,0.000000][0.613462,0.264178,0.048506][0.000000,0.000000,1.000000][0.000000,1.000000,0.000000]
[0.489779,0.314575,0.048506][0.000000,0.000000,1.000000][0.000000,1.000000,0.000000][0.427854,0.235252,0.048506][0.000000,0.000000,1.000000][0.000000,1.000000,0.000000][0.613462,0.235252,0.048506][0.000000,0.000000,1.000000][0.000000,1.000000,0.000000]
[0.427854,0.235252,0.048506][0.000000,0.000000,1.000000][0.000000,1.000000,0.000000][0.489779,0.314575,0.048506][0.000000,0.000000,1.000000][0.000000,1.000000,0.000000][0.427854,0.264178,0.048506][0.000000,0.000000,1.000000][0.000000,1.000000,0.000000]
[0.559132,0.335306,0.048090][0.000000,0.000000,1.000000][0.000000,1.000000,0.000000][0.559132,0.426336,0.048090][0.000000,0.000000,1.000000][0.000000,1.000000,0.000000][0.524652,0.335306,0.048090][0.000000,0.000000,1.000000][0.000000,1.000000,0.000000]
[0.524652,0.335306,0.048090][0.000000,0.000000,1.000000][0.000000,1.000000,0.000000][0.559132,0.426336,0.048090][0.000000,0.000000,1.000000][0.000000,1.000000,0.000000][0.524652,0.426336,0.048090][0.000000,0.000000,1.000000][0.000000,1.000000,0.000000]
[0.524652,0.321643,0.040318][0.000000,0.000000,1.000000][0.000000,1.000000,0.000000][0.524652,0.232647,0.040318][0.000000,0.000000,1.000000][0.000000,1.000000,0.000000][0.559132,0.232647,0.040318][0.000000,0.000000,1.000000][0.000000,1.000000,0.000000]
[0.559132,0.232647,0.040318][0.000000,0.000000,1.000000][0.000000,1.000000,0.000000][0.559132,0.321643,0.040318][0.000000,0.000000,1.000000][0.000000,1.000000,0.000000][0.524652,0.321643,0.040318][0.000000,0.000000,1.000000][0.000000,1.000000,0.000000]
[-0.946718,0.404565,0.009730][0.000000,0.147201,0.989107][0.000000,1.000000,0.000000][-0.951637,0.368691,0.015068][0.000000,0.147201,0.989107][0.000000,1.000000,0.000000][-0.936209,0.368691,0.015068][0.000000,0.147201,0.989107][0.000000,1.000000,0.000000]
[-0.936209,0.368691,0.015068][0.000000,0.147201,0.989107][0.000000,1.000000,0.000000][-0.941128,0.404565,0.009730][0.000000,0.147201,0.989107][0.000000,1.000000,0.000000][-0.946718,0.404565,0.009730][0.000000,0.147201,0.989107][0.000000,1.000000,0.000000]
[-1.057435,-0.080354,0.032612][0.000000,0.000000,1.000000][0.000000,1.000000,0.000000][0.004811,-0.080354,0.032612][0.000000,0.000000,1.000000][0.000000,1.000000,0.000000][0.004811,0.025281,0.032612][0.000000,0.000000,1.000000][0.000000,1.000000,0.000000]
[-1.057435,-0.080354,0.032612][0.000000,0.000000,1.000000][0.000000,1.000000,0.000000][0.004811,0.025281,0.032612][0.000000,0.000000,1.000000][0.000000,1.000000,0.000000][-1.057435,0.025281,0.032612][0.000000,0.000000,1.000000][0.000000,1.000000,0.000000]
[-2.073458,0.086747,-0.045496][0.000000,0.707107,-0.707107][0.000000,1.000000,0.000000][-1.178050,0.108365,0.006696][0.000000,1.000000,0.000000][0.000000,1.000000,0.000000][-1.178050,0.086747,-0.045496][0.000000,0.707107,-0.707107][0.000000,1.000000,0.000000]
[-1.178050,0.108365,0.006696][0.000000,1.000000,0.000000][0.000000,1.000000,0.000000][-2.073458,0.086747,-0.045496][0.000000,0.707107,-0.707107][0.000000,1.000000,0.000000][-2.073458,0.108365,0.006696][0.000000,1.000000,0.000000][0.000000,1.000000,0.000000]
[-2.073458,0.086747,-0.045496][0.000000,0.707107,-0.707107][0.000000,1.000000,0.000000][-1.178050,0.086747,-0.045496][0.000000,0.707107,-0.707107][0.000000,1.000000,0.000000][-2.073458,0.034554,-0.067115][0.000000,0.000000,-1.000000][0.000000,1.000000,0.000000]
[-2.073458,0.108365,0.006696][0.000000,1.000000,0.000000][0.000000,1.000000,0.000000][-1.178050,0.086747,0.058889][0.000000,0.707107,0.707107][0.000000,1.000000,0.000000][-1.178050,0.108365,0.006696][0.000000,1.000000,0.000000][0.000000,1.000000,0.000000]
[-1.178050,0.034554,-0.067115][0.000000,0.000000,-1.000000][0.000000,1.000000,0.000000][-2.073458,0.034554,-0.067115][0.000000,0.000000,-1.000000][0.000000,1.000000,0.000000][-1.178050,0.086747,-0.045496][0.000000,0.707107,-0.707107][0.000000,1.000000,0.000000]
[-1.178050,0.086747,0.058889][0.000000,0.707107,0.707107][0.000000,1.000000,0.000000][-2.073458,0.108365,0.006696][0.000000,1.000000,0.000000][0.000000,1.000000,0.000000][-2.073458,0.086747,0.058889][0.000000,0.707107,0.707107][0.000000,1.000000,0.000000]
[-2.073458,0.034554,-0.067115][0.000000,0.000000,-1.000000][0.000000,1.000000,0.000000][-1.178050,0.034554,-0.067115][0.000000,0.000000,-1.000000][0.000000,1.000000,0.000000][-2.073458,-0.017637,-0.045496][0.000000,-0.707107,-0.707107][0.000000,1.000000,0.000000]
[-1.178050,0.086747,0.058889][0.000000,0.707107,0.707107][0.000000,1.000000,0.000000][-2.073458,0.086747,0.058889][0.000000,0.707107,0.707107][0.000000,1.000000,0.000000][-1.178050,0.034554,0.080507][0.000000,0.000000,1.000000][0.000000,1.000000,0.000000]
[-1.178050,-0.017637,-0.045496][0.000000,-0.707107,-0.707107][0.000000,1.000000,0.000000][-2.073458,-0.017637,-0.045496][0.000000,-0.707107,-0.707107][0.000000,1.000000,0.000000][-1.178050,0.034554,-0.067115][0.000000,0.000000,-1.000000][0.000000,1.000000,0.000000]
[-2.073458,0.034554,0.080507][0.000000,0.000000,1.000000][0.000000,1.000000,0.000000][-1.178050,0.034554,0.080507][0.000000,0.000000,1.000000][0.000000,1.000000,0.000000][-2.073458,0.086747,0.058889][0.000000,0.707107,0.707107][0.000000,1.000000,0.000000]
[-2.073458,-0.017637,-0.045496][0.000000,-0.707107,-0.707107][0.000000,1.000000,0.000000][-1.178050,-0.017637,-0.045496][0.000000,-0.707107,-0.707107][0.000000,1.000000,0.000000][-2.073458,-0.039256,0.006696][0.000000,-1.000000,0.000000][0.000000,1.000000,0.000000]
[-1.178050,0.034554,0.080507][0.000000,0.000000,1.000000][0.000000,1.000000,0.000000][-2.073458,0.034554,0.080507][0.000000,0.000000,1.000000][0.000000,1.000000,0.000000][-1.178050,-0.017637,0.058889][0.000000,-0.707107,0.707107][0.000000,1.000000,0.000000]
[-1.178050,-0.039256,0.006696][0.000000,-1.000000,0.000000][0.000000,1.000000,0.000000][-2.073458,-0.039256,0.006696][0.000000,-1.000000,0.000000][0.000000,1.000000,0.000000][-1.178050,-0.017637,-0.045496][0.000000,-0.707107,-0.707107][0.000000,1.000000,0.000000]
[-2.073458,-0.017637,0.058889][0.000000,-0.707107,0.707107][0.000000,1.000000,0.000000][-1.178050,-0.017637,0.058889][0.000000,-0.707107,0.707107][0.000000,1.000000,0.000000][-2.073458,0.034554,0.080507][0.000000,0.000000,1.000000][0.000000,1.000000,0.000000]
[-2.073458,-0.039256,0.006696][0.000000,-1.000000,0.000000][0.000000,1.000000,0.000000][-1.178050,-0.039256,0.006696][0.000000,-1.000000,0.000000][0.000000,1.000000,0.000000][-2.073458,-0.017637,0.058889][0.000000,-0.707107,0.707107][0.000000,1.000000,0.000000]
[-1.178050,-0.017637,0.058889][0.000000,-0.707107,0.707107][0.000000,1.000000,0.000000][-2.073458,-0.017637,0.058889][0.000000,-0.707107,0.707107][0.000000,1.000000,0.000000][-1.178050,-0.039256,0.006696][0.000000,-1.000000,0.000000][0.000000,1.000000,0.000000]
[-2.386059,-0.033203,0.074455][0.000000,-0.707107,0.707107][0.000000,1.000000,0.000000][-2.061521,-0.033203,0.074455][0.000000,-0.707107,0.707107][0.000000,1.000000,0.000000][-2.061521,0.034554,0.102522][0.000000,0.000000,1.000000][0.000000,1.000000,0.000000]
[-2.386059,-0.061270,0.006696][0.000000,-1.000000,0.000000][0.000000,1.000000,0.000000][-2.061521,-0.033203,0.074455][0.000000,-0.707107,0.707107][0.000000,1.000000,0.000000][-2.386059,-0.033203,0.074455][0.000000,-0.707107,0.707107][0.000000,1.000000,0.000000]
[-2.386059,-0.033203,0.074455][0.000000,-0.707107,0.707107][0.000000,1.000000,0.000000][-2.061521,0.034554,0.102522][0.000000,0.000000,1.000000][0.000000,1.000000,0.000000][-2.386059,0.034554,0.102522][0.000000,0.000000,1.000000][0.000000,1.000000,0.000000]
[-2.386059,-0.061270,0.006696][0.000000,-1.000000,0.000000][0.000000,1.000000,0.000000][-2.061521,-0.061270,0.006696][0.000000,-1.000000,0.000000][0.000000,1.000000,0.000000][-2.061521,-0.033203,0.074455][0.000000,-0.707107,0.707107][0.000000,1.000000,0.000000]
[-2.386059,0.034554,0.102522][0.000000,0.000000,1.000000][0.000000,1.000000,0.000000][-2.061521,0.034554,0.102522][0.000000,0.000000,1.000000][0.000000,1.000000,0.000000][-2.061521,0.102313,0.074455][0.000000,0.707107,0.707107][0.000000,1.000000,0.000000]
[-2.386059,-0.033203,-0.061062][0.000000,-0.707107,-0.707107][0.000000,1.000000,0.000000][-2.061521,-0.061270,0.006696][0.000000,-1.000000,0.000000][0.000000,1.000000,0.000000][-2.386059,-0.061270,0.006696][0.000000,-1.000000,0.000000][0.000000,1.000000,0.000000]
[-2.386059,0.034554,0.102522][0.000000,0.000000,1.000000][0.000000,1.000000,0.000000][-2.061521,0.102313,0.074455][0.000000,0.707107,0.707107][0.000000,1.000000,0.000000][-2.386059,0.102313,0.074455][0.000000,0.707107,0.707107][0.000000,1.000000,0.000000]
[-2.386059,-0.033203,-0.061062][0.000000,-0.707107,-0.707107][0.000000,1.000000,0.000000][-2.061521,-0.033203,-0.061062][0.000000,-0.707107,-0.707107][0.000000,1.000000,0.000000][-2.061521,-0.061270,0.006696][0.000000,-1.000000,0.000000][0.000000,1.000000,0.000000]
[-2.061521,0.130380,0.006696][0.000000,1.000000,0.000000][0.000000,1.000000,0.000000][-2.386059,0.102313,0.074455][0.000000,0.707107,0.707107][0.000000,1.000000,0.000000][-2.061521,0.102313,0.074455][0.000000,0.707107,0.707107][0.000000,1.000000,0.000000]
[-2.386059,0.034554,-0.089129][0.000000,0.000000,-1.000000][0.000000,1.000000,0.000000][-2.061521,-0.033203,-0.061062][0.000000,-0.707107,-0.707107][0.000000,1.000000,0.000000][-2.386059,-0.033203,-0.061062][0.000000,-0.707107,-0.707107][0.000000,1.000000,0.000000]
[-2.386059,0.102313,0.074455][0.000000,0.707107,0.707107][0.000000,1.000000,0.000000][-2.061521,0.130380,0.006696][0.000000,1.000000,0.000000][0.000000,1.000000,0.000000][-2.386059,0.130380,0.006696][0.000000,1.000000,0.000000][0.000000,1.000000,0.000000]
[-2.386059,0.034554,-0.089129][0.000000,0.000000,-1.000000][0.000000,1.000000,0.000000][-2.061521,0.034554,-0.089129][0.000000,0.000000,-1.000000][0.000000,1.000000,0.000000][-2.061521,-0.033203,-0.061062][0.000000,-0.707107,-0.707107][0.000000,1.000000,0.000000]
[-2.061521,0.102313,-0.061062][0.000000,0.707107,-0.707107][0.000000,1.000000,0.000000][-2.386059,0.130380,0.006696][0.000000,1.000000,0.000000][0.000000,1.000000,0.000000][-2.061521,0.130380,0.006696][0.000000,1.000000,0.000000][0.000000,1.000000,0.000000]
[-2.386059,0.102313,-0.061062][0.000000,0.707107,-0.707107][0.000000,1.000000,0.000000][-2.061521,0.034554,-0.089129][0.000000,0.000000,-1.000000][0.000000,1.000000,0.000000][-2.386059,0.034554,-0.089129][0.000000,0.000000,-1.000000][0.000000,1.000000,0.000000]
[-2.386059,0.130380,0.006696][0.000000,1.000000,0.000000][0.000000,1.000000,0.000000][-2.061521,0.102313,-0.061062][0.000000,0.707107,-0.707107][0.000000,1.000000,0.000000][-2.386059,0.102313,-0.061062][0.000000,0.707107,-0.707107][0.000000,1.000000,0.000000]
[-2.386059,0.102313,-0.061062][0.000000,0.707107,-0.707107][0.000000,1.000000,0.000000][-2.061521,0.102313,-0.061062][0.000000,0.707107,-0.707107][0.000000,1.000000,0.000000][-2.061521,0.034554,-0.089129][0.000000,0.000000,-1.000000][0.000000,1.000000,0.000000]
[-0.825789,0.235252,0.031898][0.000000,0.000000,-1.000000][0.000000,1.000000,0.000000][-0.887713,0.314575,0.031898][0.000000,0.000000,-1.000000][0.000000,1.000000,0.000000][-0.825789,0.264178,0.031898][0.000000,0.000000,-1.000000][0.000000,1.000000,0.000000]
[-0.887713,0.314575,0.031898][0.000000,0.000000,-1.000000][0.000000,1.000000,0.000000][-0.825789,0.235252,0.031898][0.000000,0.000000,-1.000000][0.000000,1.000000,0.000000][-1.011395,0.235252,0.031898][0.000000,0.000000,-1.000000][0.000000,1.000000,0.000000]
[-0.887713,0.314575,0.031898][0.000000,0.000000,-1.000000][0.000000,1.000000,0.000000][-1.011395,0.235252,0.031898][0.000000,0.000000,-1.000000][0.000000,1.000000,0.000000][-0.980433,0.314575,0.031898][0.000000,0.000000,-1.000000][0.000000,1.000000,0.000000]
[-0.980433,0.314575,0.031898][0.000000,0.000000,-1.000000][0.000000,1.000000,0.000000][-1.011395,0.235252,0.031898][0.000000,0.000000,-1.000000][0.000000,1.000000,0.000000][-1.011395,0.264178,0.031898][0.000000,0.000000,-1.000000][0.000000,1.000000,0.000000]
[0.582499,0.314575,0.031898][0.000000,0.000000,-1.000000][0.000000,1.000000,0.000000][0.613462,0.235252,0.031898][0.000000,0.000000,-1.000000][0.000000,1.000000,0.000000][0.489779,0.314575,0.031898][0.000000,0.000000,-1.000000][0.000000,1.000000,0.000000]
[0.613462,0.235252,0.031898][0.000000,0.000000,-1.000000][0.000000,1.000000,0.000000][0.582499,0.314575,0.031898][0.000000,0.000000,-1.000000][0.000000,1.000000,0.000000][0.613462,0.264178,0.031898][0.000000,0.000000,-1.000000][0.000000,1.000000,0.000000]
[0.489779,0.314575,0.031898][0.000000,0.000000,-1.000000][0.000000,1.000000,0.000000][0.613462,0.235252,0.031898][0.000000,0.000000,-1.000000][0.000000,1.000000,0.000000][0.427854,0.235252,0.031898][0.000000,0.000000,-1.000000][0.000000,1.000000,0.000000]
[0.489779,0.314575,0.031898][0.000000,0.000000,-1.000000][0.000000,1.000000,0.000000][0.427854,0.235252,0.031898][0.000000,0.000000,-1.000000][0.000000,1.000000,0.000000][0.427854,0.264178,0.031898][0.000000,0.000000,-1.000000][0.000000,1.000000,0.000000]
[0.524652,0.335306,-0.034698][0.000000,-0.494490,-0.869183][0.000000,1.000000,0.000000][0.559132,0.335306,-0.034698][0.000000,-0.494490,-0.869183][0.000000,1.000000,0.000000][0.559132,0.321643,-0.026925][0.000000,-0.494490,-0.869183][0.000000,1.000000,0.000000]
[0.524652,0.335306,-0.034698][0.000000,-0.494490,-0.869183][0.000000,1.000000,0.000000][0.559132,0.321643,-0.026925][0.000000,-0.494490,-0.869183][0.000000,1.000000,0.000000][0.524652,0.321643,-0.026925][0.000000,-0.494490,-0.869183][0.000000,1.000000,0.000000]
[-0.887713,0.314575,-0.018506][0.000000,0.000000,1.000000][0.000000,1.000000,0.000000][-1.011395,0.235252,-0.018506][0.000000,0.000000,1.000000][0.000000,1.000000,0.000000][-0.825789,0.235252,-0.018506][0.000000,0.000000,1.000000][0.000000,1.000000,0.000000]
[-0.887713,0.314575,-0.018506][0.000000,0.000000,1.000000][0.000000,1.000000,0.000000][-0.825789,0.235252,-0.018506][0.000000,0.000000,1.000000][0.000000,1.000000,0.000000][-0.825789,0.264178,-0.018506][0.000000,0.000000,1.000000][0.000000,1.000000,0.000000]
[-0.980433,0.314575,-0.018506][0.000000,0.000000,1.000000][0.000000,1.000000,0.000000][-1.011395,0.235252,-0.018506][0.000000,0.000000,1.000000][0.000000,1.000000,0.000000][-0.887713,0.314575,-0.018506][0.000000,0.000000,1.000000][0.000000,1.000000,0.000000]
[-1.011395,0.235252,-0.018506][0.000000,0.000000,1.000000][0.000000,1.000000,0.000000][-0.980433,0.314575,-0.018506][0.000000,0.000000,1.000000][0.000000,1.000000,0.000000][-1.011395,0.264178,-0.018506][0.000000,0.000000,1.000000][0.000000,1.000000,0.000000]
[0.613462,0.235252,-0.018506][0.000000,0.000000,1.000000][0.000000,1.000000,0.000000][0.582499,0.314575,-0.018506][0.000000,0.000000,1.000000][0.000000,1.000000,0.000000][0.489779,0.314575,-0.018506][0.000000,0.000000,1.000000][0.000000,1.000000,0.000000]
[0.582499,0.314575,-0.018506][0.000000,0.000000,1.000000][0.000000,1.000000,0.000000][0.613462,0.235252,-0.018506][0.000000,0.000000,1.000000][0.000000,1.000000,0.000000][0.613462,0.264178,-0.018506][0.000000,0.000000,1.000000][0.000000,1.000000,0.000000]
[0.489779,0.314575,-0.018506][0.000000,0.000000,1.000000][0.000000,1.000000,0.000000][0.427854,0.235252,-0.018506][0.000000,0.000000,1.000000][0.000000,1.000000,0.000000][0.613462,0.235252,-0.018506][0.000000,0.000000,1.000000][0.000000,1.000000,0.000000]
[0.427854,0.235252,-0.018506][0.000000,0.000000,1.000000][0.000000,1.000000,0.000000][0.489779,0.314575,-0.018506][0.000000,0.000000,1.000000][0.000000,1.000000,0.000000][0.427854,0.264178,-0.018506][0.000000,0.000000,1.000000][0.000000,1.000000,0.000000]
[0.559132,0.232647,-0.026925][0.000000,-1.000000,0.000000][0.000000,1.000000,0.000000][0.559132,0.232647,0.040318][0.000000,-1.000000,0.000000][0.000000,1.000000,0.000000][0.524652,0.232647,-0.026925][0.000000,-1.000000,0.000000][0.000000,1.000000,0.000000]
[0.524652,0.232647,-0.026925][0.000000,-1.000000,0.000000][0.000000,1.000000,0.000000][0.559132,0.232647,0.040318][0.000000,-1.000000,0.000000][0.000000,1.000000,0.000000][0.524652,0.232647,0.040318][0.000000,-1.000000,0.000000][0.000000,1.000000,0.000000]
[0.524652,0.321643,0.040318][0.000000,-0.494490,0.869183][0.000000,1.000000,0.000000][0.559132,0.321643,0.040318][0.000000,-0.494490,0.869183][0.000000,1.000000,0.000000][0.559132,0.335306,0.048090][0.000000,-0.494490,0.869183][0.000000,1.000000,0.000000]
[0.524652,0.321643,0.040318][0.000000,-0.494490,0.869183][0.000000,1.000000,0.000000][0.559132,0.335306,0.048090][0.000000,-0.494490,0.869183][0.000000,1.000000,0.000000][0.524652,0.335306,0.048090][0.000000,-0.494490,0.869183][0.000000,1.000000,0.000000]
[-0.887713,0.314575,0.031898][0.631224,0.775601,0.000000][0.000000,1.000000,0.000000][-0.825789,0.264178,0.048504][0.631224,0.775601,0.000000][0.000000,1.000000,0.000000][-0.825789,0.264178,0.031898][0.631224,0.775601,0.000000][0.000000,1.000000,0.000000]
[-0.825789,0.264178,0.048504][0.631224,0.775601,0.000000][0.000000,1.000000,0.000000][-0.887713,0.314575,0.031898][0.631224,0.775601,0.000000][0.000000,1.000000,0.000000][-0.887713,0.314575,0.048506][0.631224,0.775601,0.000000][0.000000,1.000000,0.000000]
[-0.887713,0.314575,-0.035113][0.631224,0.775601,0.000000][0.000000,1.000000,0.000000][-0.825789,0.264178,-0.018506][0.631224,0.775601,0.000000][0.000000,1.000000,0.000000][-0.825789,0.264178,-0.035113][0.631224,0.775601,0.000000][0.000000,1.000000,0.000000]
[-0.825789,0.264178,-0.018506][0.631224,0.775601,0.000000][0.000000,1.000000,0.000000][-0.887713,0.314575,-0.035113][0.631224,0.775601,0.000000][0.000000,1.000000,0.000000][-0.887713,0.314575,-0.018506][0.631224,0.775601,0.000000][0.000000,1.000000,0.000000]
[-1.067483,0.241261,-0.040473][-0.261896,0.965096,0.000000][0.000000,1.000000,0.000000][-1.206815,0.165159,-0.068698][-0.919800,0.392388,0.000000][0.000000,1.000000,0.000000][-1.206815,0.165159,0.081224][-0.919800,0.392388,0.000000][0.000000,1.000000,0.000000]
[-1.067483,0.241261,-0.040473][-0.261896,0.965096,0.000000][0.000000,1.000000,0.000000][-1.206815,0.165159,0.081224][-0.919800,0.392388,0.000000][0.000000,1.000000,0.000000][-1.067483,0.241261,0.052999][-0.261896,0.965096,0.000000][0.000000,1.000000,0.000000]
[-1.206815,0.165159,-0.068698][-0.919800,0.392388,0.000000][0.000000,1.000000,0.000000][-1.206815,-0.027527,0.188826][-1.000000,0.000000,0.000000][0.000000,1.000000,0.000000][-1.206815,0.165159,0.081224][-0.919800,0.392388,0.000000][0.000000,1.000000,0.000000]
[0.259813,0.241261,0.052999][0.000000,1.000000,0.000000][0.000000,1.000000,0.000000][-1.067483,0.241261,-0.040473][-0.261896,0.965096,0.000000][0.000000,1.000000,0.000000][-1.067483,0.241261,0.052999][-0.261896,0.965096,0.000000][0.000000,1.000000,0.000000]
[-1.206815,0.165159,-0.068698][-0.919800,0.392388,0.000000][0.000000,1.000000,0.000000][-1.206815,-0.027527,-0.176300][-1.000000,0.000000,0.000000][0.000000,1.000000,0.000000][-1.206815,-0.027527,0.188826][-1.000000,0.000000,0.000000][0.000000,1.000000,0.000000]
[-1.206815,-0.122156,-0.139788][-1.000000,0.000000,0.000000][0.000000,1.000000,0.000000][-1.206815,-0.027527,0.188826][-1.000000,0.000000,0.000000][0.000000,1.000000,0.000000][-1.206815,-0.027527,-0.176300][-1.000000,0.000000,0.000000][0.000000,1.000000,0.000000]
[-1.206815,-0.027527,0.188826][-1.000000,0.000000,0.000000][0.000000,1.000000,0.000000][-1.206815,-0.122156,-0.139788][-1.000000,0.000000,0.000000][0.000000,1.000000,0.000000][-1.206815,-0.122156,0.152313][-1.000000,0.000000,0.000000][0.000000,1.000000,0.000000]
[-1.067483,0.241261,-0.040473][-0.261896,0.965096,0.000000][0.000000,1.000000,0.000000][0.259813,0.241261,0.052999][0.000000,1.000000,0.000000][0.000000,1.000000,0.000000][0.259813,0.241261,-0.040473][0.000000,1.000000,0.000000][0.000000,1.000000,0.000000]
[0.259813,0.241261,0.052999][0.000000,1.000000,0.000000][0.000000,1.000000,0.000000][0.662325,0.241261,0.052999][0.544999,0.838436,0.000000][0.000000,1.000000,0.000000][0.259813,0.241261,-0.040473][0.000000,1.000000,0.000000][0.000000,1.000000,0.000000]
[0.662325,0.241261,-0.040473][0.544999,0.838436,0.000000][0.000000,1.000000,0.000000][0.259813,0.241261,-0.040473][0.000000,1.000000,0.000000][0.000000,1.000000,0.000000][0.662325,0.241261,0.052999][0.544999,0.838436,0.000000][0.000000,1.000000,0.000000]
[0.708769,0.165159,0.081224][0.853628,0.520884,0.000000][0.000000,1.000000,0.000000][0.662325,0.241261,-0.040473][0.544999,0.838436,0.000000][0.000000,1.000000,0.000000][0.662325,0.241261,0.052999][0.544999,0.838436,0.000000][0.000000,1.000000,0.000000]
[0.662325,0.241261,-0.040473][0.544999,0.838436,0.000000][0.000000,1.000000,0.000000][0.708769,0.165159,0.081224][0.853628,0.520884,0.000000][0.000000,1.000000,0.000000][0.708769,0.165159,-0.068698][0.853628,0.520884,0.000000][0.000000,1.000000,0.000000]
[0.559132,0.426218,0.029229][0.000000,-0.382690,-0.923877][0.000000,1.000000,0.000000][0.524652,0.403686,0.038562][0.000000,-0.382690,-0.923877][0.000000,1.000000,0.000000][0.524652,0.426218,0.029229][0.000000,-0.382690,-0.923877][0.000000,1.000000,0.000000]
[0.524652,0.403686,0.038562][0.000000,-0.382690,-0.923877][0.000000,1.000000,0.000000][0.559132,0.426218,0.029229][0.000000,-0.382690,-0.923877][0.000000,1.000000,0.000000][0.559132,0.403686,0.038562][0.000000,-0.382690,-0.923877][0.000000,1.000000,0.000000]
[-0.962261,0.322053,0.040316][0.000000,-0.246510,0.969140][0.000000,1.000000,0.000000][-0.962261,0.232360,0.040316][0.000000,-0.707107,0.707107][0.000000,1.000000,0.000000][-0.926351,0.232360,0.040316][0.000000,-0.707107,0.707107][0.000000,1.000000,0.000000]
[-0.962261,0.232360,-0.026924][0.000000,-0.707107,-0.707107][0.000000,1.000000,0.000000][-0.926351,0.232360,0.040316][0.000000,-0.707107,0.707107][0.000000,1.000000,0.000000][-0.962261,0.232360,0.040316][0.000000,-0.707107,0.707107][0.000000,1.000000,0.000000]
[-0.926351,0.232360,0.040316][0.000000,-0.707107,0.707107][0.000000,1.000000,0.000000][-0.926351,0.322053,0.040316][0.000000,-0.246510,0.969140][0.000000,1.000000,0.000000][-0.962261,0.322053,0.040316][0.000000,-0.246510,0.969140][0.000000,1.000000,0.000000]
[-0.962261,0.232360,-0.026924][0.000000,-0.707107,-0.707107][0.000000,1.000000,0.000000][-0.926351,0.232360,-0.026924][0.000000,-0.707107,-0.707107][0.000000,1.000000,0.000000][-0.926351,0.232360,0.040316][0.000000,-0.707107,0.707107][0.000000,1.000000,0.000000]
[-0.962261,0.322053,0.040316][0.000000,-0.246510,0.969140][0.000000,1.000000,0.000000][-0.926351,0.322053,0.040316][0.000000,-0.246510,0.969140][0.000000,1.000000,0.000000][-0.926351,0.334416,0.047040][0.000000,-0.246510,0.969140][0.000000,1.000000,0.000000]
[-0.962261,0.232360,-0.026924][0.000000,-0.707107,-0.707107][0.000000,1.000000,0.000000][-0.926351,0.322053,-0.026924][0.000000,-0.246510,-0.969140][0.000000,1.000000,0.000000][-0.926351,0.232360,-0.026924][0.000000,-0.707107,-0.707107][0.000000,1.000000,0.000000]
[-0.962261,0.322053,0.040316][0.000000,-0.246510,0.969140][0.000000,1.000000,0.000000][-0.926351,0.334416,0.047040][0.000000,-0.246510,0.969140][0.000000,1.000000,0.000000][-0.962261,0.334416,0.047040][0.000000,-0.246510,0.969140][0.000000,1.000000,0.000000]
[-0.926351,0.334416,0.047040][0.000000,-0.246510,0.969140][0.000000,1.000000,0.000000][-0.926351,0.406499,0.047040][0.000000,0.000000,1.000000][0.000000,1.000000,0.000000][-0.962261,0.334416,0.047040][0.000000,-0.246510,0.969140][0.000000,1.000000,0.000000]
[-0.962261,0.334416,0.047040][0.000000,-0.246510,0.969140][0.000000,1.000000,0.000000][-0.926351,0.406499,0.047040][0.000000,0.000000,1.000000][0.000000,1.000000,0.000000][-0.962261,0.406499,0.047040][0.000000,0.000000,1.000000][0.000000,1.000000,0.000000]
[-0.926351,0.322053,-0.026924][0.000000,-0.246510,-0.969140][0.000000,1.000000,0.000000][-0.962261,0.232360,-0.026924][0.000000,-0.707107,-0.707107][0.000000,1.000000,0.000000][-0.962261,0.322053,-0.026924][0.000000,-0.246510,-0.969140][0.000000,1.000000,0.000000]
[-0.962261,0.334416,-0.033648][0.000000,-0.246510,-0.969140][0.000000,1.000000,0.000000][-0.926351,0.322053,-0.026924][0.000000,-0.246510,-0.969140][0.000000,1.000000,0.000000][-0.962261,0.322053,-0.026924][0.000000,-0.246510,-0.969140][0.000000,1.000000,0.000000]
[-0.962261,0.334416,-0.033648][0.000000,-0.246510,-0.969140][0.000000,1.000000,0.000000][-0.926351,0.334416,-0.033648][0.000000,-0.246510,-0.969140][0.000000,1.000000,0.000000][-0.926351,0.322053,-0.026924][0.000000,-0.246510,-0.969140][0.000000,1.000000,0.000000]
[-0.962261,0.406499,-0.033648][0.000000,0.000000,-1.000000][0.000000,1.000000,0.000000][-0.926351,0.334416,-0.033648][0.000000,-0.246510,-0.969140][0.000000,1.000000,0.000000][-0.962261,0.334416,-0.033648][0.000000,-0.246510,-0.969140][0.000000,1.000000,0.000000]
[-0.926351,0.406499,-0.033648][0.000000,0.000000,-1.000000][0.000000,1.000000,0.000000][-0.926351,0.334416,-0.033648][0.000000,-0.246510,-0.969140][0.000000,1.000000,0.000000][-0.962261,0.406499,-0.033648][0.000000,0.000000,-1.000000][0.000000,1.000000,0.000000]
[0.559132,0.403686,-0.025170][0.000000,-0.382690,0.923877][0.000000,1.000000,0.000000][0.524652,0.426218,-0.015837][0.000000,-0.382690,0.923877][0.000000,1.000000,0.000000][0.524652,0.403686,-0.025170][0.000000,-0.382690,0.923877][0.000000,1.000000,0.000000]
[0.524652,0.426218,-0.015837][0.000000,-0.382690,0.923877][0.000000,1.000000,0.000000][0.559132,0.403686,-0.025170][0.000000,-0.382690,0.923877][0.000000,1.000000,0.000000][0.559132,0.426218,-0.015837][0.000000,-0.382690,0.923877][0.000000,1.000000,0.000000]
[-0.825789,0.264178,0.048504][1.000000,0.000000,0.000000][0.000000,1.000000,0.000000][-0.825789,0.235252,0.031898][1.000000,0.000000,0.000000][0.000000,1.000000,0.000000][-0.825789,0.264178,0.031898][1.000000,0.000000,0.000000][0.000000,1.000000,0.000000]
[-0.825789,0.235252,0.031898][1.000000,0.000000,0.000000][0.000000,1.000000,0.000000][-0.825789,0.264178,0.048504][1.000000,0.000000,0.000000][0.000000,1.000000,0.000000][-0.825789,0.235252,0.048504][1.000000,0.000000,0.000000][0.000000,1.000000,0.000000]
[-0.825789,0.264178,-0.018506][1.000000,0.000000,0.000000][0.000000,1.000000,0.000000][-0.825789,0.235252,-0.035113][1.000000,0.000000,0.000000][0.000000,1.000000,0.000000][-0.825789,0.264178,-0.035113][1.000000,0.000000,0.000000][0.000000,1.000000,0.000000]
[-0.825789,0.235252,-0.035113][1.000000,0.000000,0.000000][0.000000,1.000000,0.000000][-0.825789,0.264178,-0.018506][1.000000,0.000000,0.000000][0.000000,1.000000,0.000000][-0.825789,0.235252,-0.018506][1.000000,0.000000,0.000000][0.000000,1.000000,0.000000]
[0.524652,0.435552,0.006696][0.000000,-0.923877,-0.382690][0.000000,1.000000,0.000000][0.559132,0.435552,0.006696][0.000000,-0.923877,-0.382690][0.000000,1.000000,0.000000][0.559132,0.426218,0.029229][0.000000,-0.923877,-0.382690][0.000000,1.000000,0.000000]
[0.524652,0.435552,0.006696][0.000000,-0.923877,-0.382690][0.000000,1.000000,0.000000][0.559132,0.426218,0.029229][0.000000,-0.923877,-0.382690][0.000000,1.000000,0.000000][0.524652,0.426218,0.029229][0.000000,-0.923877,-0.382690][0.000000,1.000000,0.000000]
[0.524652,0.426218,-0.015837][0.000000,-0.923877,0.382690][0.000000,1.000000,0.000000][0.559132,0.426218,-0.015837][0.000000,-0.923877,0.382690][0.000000,1.000000,0.000000][0.559132,0.435552,0.006696][0.000000,-0.923877,0.382690][0.000000,1.000000,0.000000]
[0.524652,0.426218,-0.015837][0.000000,-0.923877,0.382690][0.000000,1.000000,0.000000][0.559132,0.435552,0.006696][0.000000,-0.923877,0.382690][0.000000,1.000000,0.000000][0.524652,0.435552,0.006696][0.000000,-0.923877,0.382690][0.000000,1.000000,0.000000]
[-1.022424,-0.250561,0.058307][-0.735365,0.000000,0.677671][0.000000,1.000000,0.000000][-1.022424,-0.369589,0.058307][-0.735365,0.000000,0.677671][0.000000,1.000000,0.000000][-0.974863,-0.369589,0.079685][0.000000,0.000000,1.000000][0.000000,1.000000,0.000000]
[-1.042125,-0.250561,0.006696][-1.000000,0.000000,0.000000][0.000000,1.000000,0.000000][-1.022424,-0.369589,0.058307][-0.735365,0.000000,0.677671][0.000000,1.000000,0.000000][-1.022424,-0.250561,0.058307][-0.735365,0.000000,0.677671][0.000000,1.000000,0.000000]
[-0.974863,-0.369589,0.079685][0.000000,0.000000,1.000000][0.000000,1.000000,0.000000][-0.974863,-0.250561,0.079685][0.000000,0.000000,1.000000][0.000000,1.000000,0.000000][-1.022424,-0.250561,0.058307][-0.735365,0.000000,0.677671][0.000000,1.000000,0.000000]
[-1.042125,-0.250561,0.006696][-1.000000,0.000000,0.000000][0.000000,1.000000,0.000000][-1.042125,-0.369589,0.006696][-1.000000,0.000000,0.000000][0.000000,1.000000,0.000000][-1.022424,-0.369589,0.058307][-0.735365,0.000000,0.677671][0.000000,1.000000,0.000000]
[-0.974863,-0.250561,0.079685][0.000000,0.000000,1.000000][0.000000,1.000000,0.000000][-0.974863,-0.369589,0.079685][0.000000,0.000000,1.000000][0.000000,1.000000,0.000000][-0.927302,-0.369589,0.058307][0.735365,0.000000,0.677671][0.000000,1.000000,0.000000]
[-1.022424,-0.250561,-0.044914][-0.735365,0.000000,-0.677671][0.000000,1.000000,0.000000][-1.042125,-0.369589,0.006696][-1.000000,0.000000,0.000000][0.000000,1.000000,0.000000][-1.042125,-0.250561,0.006696][-1.000000,0.000000,0.000000][0.000000,1.000000,0.000000]
[-0.927302,-0.369589,0.058307][0.735365,0.000000,0.677671][0.000000,1.000000,0.000000][-0.927302,-0.250561,0.058307][0.735365,0.000000,0.677671][0.000000,1.000000,0.000000][-0.974863,-0.250561,0.079685][0.000000,0.000000,1.000000][0.000000,1.000000,0.000000]
[-1.022424,-0.250561,-0.044914][-0.735365,0.000000,-0.677671][0.000000,1.000000,0.000000][-1.022424,-0.369589,-0.044914][-0.735365,0.000000,-0.677671][0.000000,1.000000,0.000000][-1.042125,-0.369589,0.006696][-1.000000,0.000000,0.000000][0.000000,1.000000,0.000000]
[-0.907602,-0.369589,0.006696][1.000000,0.000000,0.000000][0.000000,1.000000,0.000000][-0.927302,-0.250561,0.058307][0.735365,0.000000,0.677671][0.000000,1.000000,0.000000][-0.927302,-0.369589,0.058307][0.735365,0.000000,0.677671][0.000000,1.000000,0.000000]
[-0.974863,-0.250561,-0.066292][0.000000,0.000000,-1.000000][0.000000,1.000000,0.000000][-1.022424,-0.369589,-0.044914][-0.735365,0.000000,-0.677671][0.000000,1.000000,0.000000][-1.022424,-0.250561,-0.044914][-0.735365,0.000000,-0.677671][0.000000,1.000000,0.000000]
[-0.927302,-0.250561,0.058307][0.735365,0.000000,0.677671][0.000000,1.000000,0.000000][-0.907602,-0.369589,0.006696][1.000000,0.000000,0.000000][0.000000,1.000000,0.000000][-0.907602,-0.250561,0.006696][1.000000,0.000000,0.000000][0.000000,1.000000,0.000000]
[-1.022424,-0.369589,-0.044914][-0.735365,0.000000,-0.677671][0.000000,1.000000,0.000000][-0.974863,-0.250561,-0.066292][0.000000,0.000000,-1.000000][0.000000,1.000000,0.000000][-0.974863,-0.369589,-0.066292][0.000000,0.000000,-1.000000][0.000000,1.000000,0.000000]
[-0.927302,-0.369589,-0.044914][0.735365,0.000000,-0.677671][0.000000,1.000000,0.000000][-0.907602,-0.250561,0.006696][1.000000,0.000000,0.000000][0.000000,1.000000,0.000000][-0.907602,-0.369589,0.006696][1.000000,0.000000,0.000000][0.000000,1.000000,0.000000]
[-0.927302,-0.250561,-0.044914][0.735365,0.000000,-0.677671][0.000000,1.000000,0.000000][-0.974863,-0.369589,-0.066292][0.000000,0.000000,-1.000000][0.000000,1.000000,0.000000][-0.974863,-0.250561,-0.066292][0.000000,0.000000,-1.000000][0.000000,1.000000,0.000000]
[-0.907602,-0.250561,0.006696][1.000000,0.000000,0.000000][0.000000,1.000000,0.000000][-0.927302,-0.369589,-0.044914][0.735365,0.000000,-0.677671][0.000000,1.000000,0.000000][-0.927302,-0.250561,-0.044914][0.735365,0.000000,-0.677671][0.000000,1.000000,0.000000]
[-0.974863,-0.369589,-0.066292][0.000000,0.000000,-1.000000][0.000000,1.000000,0.000000][-0.927302,-0.250561,-0.044914][0.735365,0.000000,-0.677671][0.000000,1.000000,0.000000][-0.927302,-0.369589,-0.044914][0.735365,0.000000,-0.677671][0.000000,1.000000,0.000000]
[-1.057435,-0.080354,0.032612][0.000000,1.000000,0.000000][0.000000,1.000000,0.000000][0.004811,-0.080354,0.168442][0.000000,1.000000,0.000000][0.000000,1.000000,0.000000][0.004811,-0.080354,0.032612][0.000000,1.000000,0.000000][0.000000,1.000000,0.000000]
[0.004811,-0.080354,0.168442][0.000000,1.000000,0.000000][0.000000,1.000000,0.000000][-1.057435,-0.080354,0.032612][0.000000,1.000000,0.000000][0.000000,1.000000,0.000000][-1.057435,-0.080354,0.168442][0.000000,1.000000,0.000000][0.000000,1.000000,0.000000]
[-0.941128,0.404565,0.009730][0.990726,0.135874,0.000000][0.000000,1.000000,0.000000][-0.936209,0.368691,-0.001675][0.990726,0.135874,0.000000][0.000000,1.000000,0.000000][-0.941128,0.404565,0.003663][0.990726,0.135874,0.000000][0.000000,1.000000,0.000000]
[-0.936209,0.368691,-0.001675][0.990726,0.135874,0.000000][0.000000,1.000000,0.000000][-0.941128,0.404565,0.009730][0.990726,0.135874,0.000000][0.000000,1.000000,0.000000][-0.936209,0.368691,0.015068][0.990726,0.135874,0.000000][0.000000,1.000000,0.000000]
[-0.926351,0.371864,0.006696][1.000000,0.000000,0.000000][0.000000,1.000000,0.000000][-0.926351,0.334416,-0.033648][1.000000,0.000000,0.000000][0.000000,1.000000,0.000000][-0.926351,0.381062,-0.015511][1.000000,0.000000,0.000000][0.000000,1.000000,0.000000]
[-0.926351,0.406499,-0.033648][1.000000,0.000000,0.000000][0.000000,1.000000,0.000000][-0.926351,0.381062,-0.015511][1.000000,0.000000,0.000000][0.000000,1.000000,0.000000][-0.926351,0.334416,-0.033648][1.000000,0.000000,0.000000][0.000000,1.000000,0.000000]
[-0.926351,0.381062,-0.015511][1.000000,0.000000,0.000000][0.000000,1.000000,0.000000][-0.926351,0.406499,-0.033648][1.000000,0.000000,0.000000][0.000000,1.000000,0.000000][-0.926351,0.403269,-0.024711][1.000000,0.000000,0.000000][0.000000,1.000000,0.000000]
[-0.926351,0.406499,-0.033648][1.000000,0.000000,0.000000][0.000000,1.000000,0.000000][-0.926351,0.406499,-0.023372][1.000000,0.000000,0.000000][0.000000,1.000000,0.000000][-0.926351,0.403269,-0.024711][1.000000,0.000000,0.000000][0.000000,1.000000,0.000000]
[-0.926351,0.334416,-0.033648][1.000000,0.000000,0.000000][0.000000,1.000000,0.000000][-0.926351,0.371864,0.006696][1.000000,0.000000,0.000000][0.000000,1.000000,0.000000][-0.926351,0.322053,-0.026924][1.000000,0.000000,0.000000][0.000000,1.000000,0.000000]
[-0.926351,0.322053,-0.026924][1.000000,0.000000,0.000000][0.000000,1.000000,0.000000][-0.926351,0.371864,0.006696][1.000000,0.000000,0.000000][0.000000,1.000000,0.000000][-0.926351,0.322053,0.040316][1.000000,0.000000,0.000000][0.000000,1.000000,0.000000]
[-0.926351,0.322053,-0.026924][1.000000,0.000000,0.000000][0.000000,1.000000,0.000000][-0.926351,0.322053,0.040316][1.000000,0.000000,0.000000][0.000000,1.000000,0.000000][-0.926351,0.232360,-0.026924][1.000000,0.000000,0.000000][0.000000,1.000000,0.000000]
[-0.926351,0.232360,-0.026924][1.000000,0.000000,0.000000][0.000000,1.000000,0.000000][-0.926351,0.322053,0.040316][1.000000,0.000000,0.000000][0.000000,1.000000,0.000000][-0.926351,0.232360,0.040316][1.000000,0.000000,0.000000][0.000000,1.000000,0.000000]
[-0.926351,0.322053,0.040316][1.000000,0.000000,0.000000][0.000000,1.000000,0.000000][-0.926351,0.371864,0.006696][1.000000,0.000000,0.000000][0.000000,1.000000,0.000000][-0.926351,0.334416,0.047040][1.000000,0.000000,0.000000][0.000000,1.000000,0.000000]
[-0.926351,0.334416,0.047040][1.000000,0.000000,0.000000][0.000000,1.000000,0.000000][-0.926351,0.371864,0.006696][1.000000,0.000000,0.000000][0.000000,1.000000,0.000000][-0.926351,0.381062,0.028903][1.000000,0.000000,0.000000][0.000000,1.000000,0.000000]
[-0.926351,0.381062,0.028903][1.000000,0.000000,0.000000][0.000000,1.000000,0.000000][-0.926351,0.406499,0.047040][1.000000,0.000000,0.000000][0.000000,1.000000,0.000000][-0.926351,0.334416,0.047040][1.000000,0.000000,0.000000][0.000000,1.000000,0.000000]
[-0.926351,0.406499,0.047040][1.000000,0.000000,0.000000][0.000000,1.000000,0.000000][-0.926351,0.381062,0.028903][1.000000,0.000000,0.000000][0.000000,1.000000,0.000000][-0.926351,0.403269,0.038103][1.000000,0.000000,0.000000][0.000000,1.000000,0.000000]
[-0.926351,0.406499,0.036764][1.000000,0.000000,0.000000][0.000000,1.000000,0.000000][-0.926351,0.406499,0.047040][1.000000,0.000000,0.000000][0.000000,1.000000,0.000000][-0.926351,0.403269,0.038103][1.000000,0.000000,0.000000][0.000000,1.000000,0.000000]
[-1.230461,-0.122156,-0.156015][0.000000,1.000000,0.000000][0.000000,1.000000,0.000000][-0.836257,-0.122156,0.168541][0.000000,1.000000,0.000000][0.000000,1.000000,0.000000][-0.836257,-0.122156,-0.156015][0.000000,1.000000,0.000000][0.000000,1.000000,0.000000]
[-0.836257,-0.122156,0.168541][0.000000,1.000000,0.000000][0.000000,1.000000,0.000000][-1.230461,-0.122156,-0.156015][0.000000,1.000000,0.000000][0.000000,1.000000,0.000000][-1.230461,-0.122156,0.168541][0.000000,1.000000,0.000000][0.000000,1.000000,0.000000]
[-1.057435,-0.080354,0.032612][1.000000,0.000000,0.000000][0.000000,1.000000,0.000000][-1.057435,0.025281,0.159336][1.000000,0.000000,0.000000][0.000000,1.000000,0.000000][-1.057435,-0.080354,0.168442][1.000000,0.000000,0.000000][0.000000,1.000000,0.000000]
[-1.057435,-0.080354,0.168442][1.000000,0.000000,0.000000][0.000000,1.000000,0.000000][-1.057435,0.025281,0.159336][1.000000,0.000000,0.000000][0.000000,1.000000,0.000000][-1.057435,-0.027527,0.188826][1.000000,0.000000,0.000000][0.000000,1.000000,0.000000]
[-1.057435,0.025281,0.159336][1.000000,0.000000,0.000000][0.000000,1.000000,0.000000][-1.057435,-0.080354,0.032612][1.000000,0.000000,0.000000][0.000000,1.000000,0.000000][-1.057435,0.025281,0.032612][1.000000,0.000000,0.000000][0.000000,1.000000,0.000000]
[0.004811,-0.080354,0.032612][-1.000000,0.000000,0.000000][0.000000,1.000000,0.000000][0.004811,0.025281,0.159336][-1.000000,0.000000,0.000000][0.000000,1.000000,0.000000][0.004811,0.025281,0.032612][-1.000000,0.000000,0.000000][0.000000,1.000000,0.000000]
[0.004811,0.025281,0.159336][-1.000000,0.000000,0.000000][0.000000,1.000000,0.000000][0.004811,-0.080354,0.032612][-1.000000,0.000000,0.000000][0.000000,1.000000,0.000000][0.004811,-0.080354,0.168442][-1.000000,0.000000,0.000000][0.000000,1.000000,0.000000]
[0.004811,-0.027527,0.188826][-1.000000,0.000000,0.000000][0.000000,1.000000,0.000000][0.004811,0.025281,0.159336][-1.000000,0.000000,0.000000][0.000000,1.000000,0.000000][0.004811,-0.080354,0.168442][-1.000000,0.000000,0.000000][0.000000,1.000000,0.000000]
[0.524652,0.321643,-0.026925][-1.000000,0.000000,0.000000][0.000000,1.000000,0.000000][0.524652,0.232647,-0.026925][-1.000000,0.000000,0.000000][0.000000,1.000000,0.000000][0.524652,0.232647,0.040318][-1.000000,0.000000,0.000000][0.000000,1.000000,0.000000]
[0.524652,0.321643,-0.026925][-1.000000,0.000000,0.000000][0.000000,1.000000,0.000000][0.524652,0.232647,0.040318][-1.000000,0.000000,0.000000][0.000000,1.000000,0.000000][0.524652,0.321643,0.040318][-1.000000,0.000000,0.000000][0.000000,1.000000,0.000000]
[0.524652,0.321643,0.040318][-1.000000,0.000000,0.000000][0.000000,1.000000,0.000000][0.524652,0.335306,-0.034698][-1.000000,0.000000,0.000000][0.000000,1.000000,0.000000][0.524652,0.321643,-0.026925][-1.000000,0.000000,0.000000][0.000000,1.000000,0.000000]
[0.524652,0.335306,-0.034698][-1.000000,0.000000,0.000000][0.000000,1.000000,0.000000][0.524652,0.321643,0.040318][-1.000000,0.000000,0.000000][0.000000,1.000000,0.000000][0.524652,0.335306,0.048090][-1.000000,0.000000,0.000000][0.000000,1.000000,0.000000]
[0.524652,0.335306,-0.034698][-1.000000,0.000000,0.000000][0.000000,1.000000,0.000000][0.524652,0.335306,0.048090][-1.000000,0.000000,0.000000][0.000000,1.000000,0.000000][0.524652,0.371820,0.006696][-1.000000,0.000000,0.000000][0.000000,1.000000,0.000000]
[0.524652,0.371820,0.006696][-1.000000,0.000000,0.000000][0.000000,1.000000,0.000000][0.524652,0.335306,0.048090][-1.000000,0.000000,0.000000][0.000000,1.000000,0.000000][0.524652,0.381153,0.029229][-1.000000,0.000000,0.000000][0.000000,1.000000,0.000000]
[0.524652,0.335306,-0.034698][-1.000000,0.000000,0.000000][0.000000,1.000000,0.000000][0.524652,0.371820,0.006696][-1.000000,0.000000,0.000000][0.000000,1.000000,0.000000][0.524652,0.381153,-0.015837][-1.000000,0.000000,0.000000][0.000000,1.000000,0.000000]
[0.524652,0.335306,0.048090][-1.000000,0.000000,0.000000][0.000000,1.000000,0.000000][0.524652,0.403686,0.038562][-1.000000,0.000000,0.000000][0.000000,1.000000,0.000000][0.524652,0.381153,0.029229][-1.000000,0.000000,0.000000][0.000000,1.000000,0.000000]
[0.524652,0.403686,-0.025170][-1.000000,0.000000,0.000000][0.000000,1.000000,0.000000][0.524652,0.335306,-0.034698][-1.000000,0.000000,0.000000][0.000000,1.000000,0.000000][0.524652,0.381153,-0.015837][-1.000000,0.000000,0.000000][0.000000,1.000000,0.000000]
[0.524652,0.335306,0.048090][-1.000000,0.000000,0.000000][0.000000,1.000000,0.000000][0.524652,0.426336,0.048090][-1.000000,0.000000,0.000000][0.000000,1.000000,0.000000][0.524652,0.403686,0.038562][-1.000000,0.000000,0.000000][0.000000,1.000000,0.000000]
[0.524652,0.335306,-0.034698][-1.000000,0.000000,0.000000][0.000000,1.000000,0.000000][0.524652,0.403686,-0.025170][-1.000000,0.000000,0.000000][0.000000,1.000000,0.000000][0.524652,0.426336,-0.034698][-1.000000,0.000000,0.000000][0.000000,1.000000,0.000000]
[0.524652,0.429500,0.038134][-1.000000,0.000000,0.000000][0.000000,1.000000,0.000000][0.524652,0.403686,0.038562][-1.000000,0.000000,0.000000][0.000000,1.000000,0.000000][0.524652,0.426336,0.048090][-1.000000,0.000000,0.000000][0.000000,1.000000,0.000000]
[0.524652,0.403686,0.038562][-1.000000,0.000000,0.000000][0.000000,1.000000,0.000000][0.524652,0.429500,0.038134][-1.000000,0.000000,0.000000][0.000000,1.000000,0.000000][0.524652,0.426218,0.029229][-1.000000,0.000000,0.000000][0.000000,1.000000,0.000000]
[0.524652,0.426336,0.048090][-1.000000,0.000000,0.000000][0.000000,1.000000,0.000000][0.524652,0.443585,0.030841][-1.000000,0.000000,0.000000][0.000000,1.000000,0.000000][0.524652,0.429500,0.038134][-1.000000,0.000000,0.000000][0.000000,1.000000,0.000000]
[0.524652,0.443585,0.030841][-1.000000,0.000000,0.000000][0.000000,1.000000,0.000000][0.524652,0.426218,0.029229][-1.000000,0.000000,0.000000][0.000000,1.000000,0.000000][0.524652,0.429500,0.038134][-1.000000,0.000000,0.000000][0.000000,1.000000,0.000000]
[0.524652,0.435552,0.006696][-1.000000,0.000000,0.000000][0.000000,1.000000,0.000000][0.524652,0.426218,0.029229][-1.000000,0.000000,0.000000][0.000000,1.000000,0.000000][0.524652,0.443585,0.030841][-1.000000,0.000000,0.000000][0.000000,1.000000,0.000000]
[0.524652,0.443585,0.030841][-1.000000,0.000000,0.000000][0.000000,1.000000,0.000000][0.524652,0.443585,-0.017449][-1.000000,0.000000,0.000000][0.000000,1.000000,0.000000][0.524652,0.435552,0.006696][-1.000000,0.000000,0.000000][0.000000,1.000000,0.000000]
[0.524652,0.403686,-0.025170][-1.000000,0.000000,0.000000][0.000000,1.000000,0.000000][0.524652,0.429500,-0.024742][-1.000000,0.000000,0.000000][0.000000,1.000000,0.000000][0.524652,0.426336,-0.034698][-1.000000,0.000000,0.000000][0.000000,1.000000,0.000000]
[0.524652,0.443585,-0.017449][-1.000000,0.000000,0.000000][0.000000,1.000000,0.000000][0.524652,0.426336,-0.034698][-1.000000,0.000000,0.000000][0.000000,1.000000,0.000000][0.524652,0.429500,-0.024742][-1.000000,0.000000,0.000000][0.000000,1.000000,0.000000]
[0.524652,0.429500,-0.024742][-1.000000,0.000000,0.000000][0.000000,1.000000,0.000000][0.524652,0.403686,-0.025170][-1.000000,0.000000,0.000000][0.000000,1.000000,0.000000][0.524652,0.426218,-0.015837][-1.000000,0.000000,0.000000][0.000000,1.000000,0.000000]
[0.524652,0.443585,-0.017449][-1.000000,0.000000,0.000000][0.000000,1.000000,0.000000][0.524652,0.426218,-0.015837][-1.000000,0.000000,0.000000][0.000000,1.000000,0.000000][0.524652,0.435552,0.006696][-1.000000,0.000000,0.000000][0.000000,1.000000,0.000000]
[0.524652,0.426218,-0.015837][-1.000000,0.000000,0.000000][0.000000,1.000000,0.000000][0.524652,0.443585,-0.017449][-1.000000,0.000000,0.000000][0.000000,1.000000,0.000000][0.524652,0.429500,-0.024742][-1.000000,0.000000,0.000000][0.000000,1.000000,0.000000]
[-2.061521,-0.033203,-0.061062][1.000000,0.000000,0.000000][0.000000,1.000000,0.000000][-2.061521,-0.033203,0.074455][1.000000,0.000000,0.000000][0.000000,1.000000,0.000000][-2.061521,-0.061270,0.006696][1.000000,0.000000,0.000000][0.000000,1.000000,0.000000]
[-2.061521,-0.033203,0.074455][1.000000,0.000000,0.000000][0.000000,1.000000,0.000000][-2.061521,-0.033203,-0.061062][1.000000,0.000000,0.000000][0.000000,1.000000,0.000000][-2.061521,0.102313,-0.061062][1.000000,0.000000,0.000000][0.000000,1.000000,0.000000]
[-2.061521,0.102313,-0.061062][1.000000,0.000000,0.000000][0.000000,1.000000,0.000000][-2.061521,-0.033203,-0.061062][1.000000,0.000000,0.000000][0.000000,1.000000,0.000000][-2.061521,0.034554,-0.089129][1.000000,0.000000,0.000000][0.000000,1.000000,0.000000]
[-2.061521,0.102313,-0.061062][1.000000,0.000000,0.000000][0.000000,1.000000,0.000000][-2.061521,0.102313,0.074455][1.000000,0.000000,0.000000][0.000000,1.000000,0.000000][-2.061521,-0.033203,0.074455][1.000000,0.000000,0.000000][0.000000,1.000000,0.000000]
[-2.061521,-0.033203,0.074455][1.000000,0.000000,0.000000][0.000000,1.000000,0.000000][-2.061521,0.102313,0.074455][1.000000,0.000000,0.000000][0.000000,1.000000,0.000000][-2.061521,0.034554,0.102522][1.000000,0.000000,0.000000][0.000000,1.000000,0.000000]
[-2.061521,0.102313,0.074455][1.000000,0.000000,0.000000][0.000000,1.000000,0.000000][-2.061521,0.102313,-0.061062][1.000000,0.000000,0.000000][0.000000,1.000000,0.000000][-2.061521,0.130380,0.006696][1.000000,0.000000,0.000000][0.000000,1.000000,0.000000]
[2.133660,0.243578,0.097889][-0.910596,-0.413298,0.000000][0.000000,1.000000,0.000000][2.133660,0.243578,-0.101629][-0.910596,-0.413298,0.000000][0.000000,1.000000,0.000000][2.229247,0.032990,-0.251265][-0.980665,-0.195693,0.000000][0.000000,1.000000,0.000000]
[2.229247,0.032990,-0.251265][-0.980665,-0.195693,0.000000][0.000000,1.000000,0.000000][2.229247,0.032990,0.247525][-0.980665,-0.195693,0.000000][0.000000,1.000000,0.000000][2.133660,0.243578,0.097889][-0.910596,-0.413298,0.000000][0.000000,1.000000,0.000000]
[2.229247,0.032990,-0.251265][-0.980665,-0.195693,0.000000][0.000000,1.000000,0.000000][2.229247,-0.065865,-0.201386][-0.999159,0.040998,0.000000][0.000000,1.000000,0.000000][2.229247,0.032990,0.247525][-0.980665,-0.195693,0.000000][0.000000,1.000000,0.000000]
[2.229247,-0.065865,-0.201386][-0.999159,0.040998,0.000000][0.000000,1.000000,0.000000][2.229247,-0.065865,0.197645][-0.999159,0.040998,0.000000][0.000000,1.000000,0.000000][2.229247,0.032990,0.247525][-0.980665,-0.195693,0.000000][0.000000,1.000000,0.000000]
[2.229247,-0.065865,0.197645][-0.999159,0.040998,0.000000][0.000000,1.000000,0.000000][2.229247,-0.065865,-0.201386][-0.999159,0.040998,0.000000][0.000000,1.000000,0.000000][2.157424,-0.826661,-0.201386][-0.998070,0.062098,0.000000][0.000000,1.000000,0.000000]
[2.229247,-0.065865,0.197645][-0.999159,0.040998,0.000000][0.000000,1.000000,0.000000][2.157424,-0.826661,-0.201386][-0.998070,0.062098,0.000000][0.000000,1.000000,0.000000][2.157424,-0.826661,0.197645][-0.998070,0.062098,0.000000][0.000000,1.000000,0.000000]
[2.157424,-0.826661,0.197645][-0.998070,0.062098,0.000000][0.000000,1.000000,0.000000][2.157424,-0.826661,-0.201386][-0.998070,0.062098,0.000000][0.000000,1.000000,0.000000][2.155167,-0.901660,-0.201386][-0.998132,0.061102,0.000000][0.000000,1.000000,0.000000]
[2.155167,-0.901660,-0.201386][-0.998132,0.061102,0.000000][0.000000,1.000000,0.000000][2.155167,-0.901660,0.197645][-0.998132,0.061102,0.000000][0.000000,1.000000,0.000000][2.157424,-0.826661,0.197645][-0.998070,0.062098,0.000000][0.000000,1.000000,0.000000]
[2.155167,-0.901660,0.197645][-0.998132,0.061102,0.000000][0.000000,1.000000,0.000000][2.155167,-0.901660,-0.201386][-0.998132,0.061102,0.000000][0.000000,1.000000,0.000000][2.148347,-0.975367,-0.201386][-0.995749,0.092105,0.000000][0.000000,1.000000,0.000000]
[2.148347,-0.975367,0.197645][-0.995749,0.092105,0.000000][0.000000,1.000000,0.000000][2.155167,-0.901660,0.197645][-0.998132,0.061102,0.000000][0.000000,1.000000,0.000000][2.148347,-0.975367,-0.201386][-0.995749,0.092105,0.000000][0.000000,1.000000,0.000000]
[2.233691,0.004925,0.229331][0.979323,0.202305,0.000000][0.000000,1.000000,0.000000][2.233691,-0.090309,-0.182171][0.999071,-0.043099,0.000000][0.000000,1.000000,0.000000][2.233691,0.004925,-0.227893][0.979323,0.202305,0.000000][0.000000,1.000000,0.000000]
[2.233691,-0.090309,-0.182171][0.999071,-0.043099,0.000000][0.000000,1.000000,0.000000][2.233691,0.004925,0.229331][0.979323,0.202305,0.000000][0.000000,1.000000,0.000000][2.233691,-0.090309,0.183609][0.999067,-0.043199,0.000000][0.000000,1.000000,0.000000]
[2.233691,-0.090309,-0.182171][0.999071,-0.043099,0.000000][0.000000,1.000000,0.000000][2.233691,-0.090309,0.183609][0.999067,-0.043199,0.000000][0.000000,1.000000,0.000000][2.161867,-0.823243,-0.182171][0.997924,-0.064402,0.000000][0.000000,1.000000,0.000000]
[2.161867,-0.823243,0.183609][0.997924,-0.064402,0.000000][0.000000,1.000000,0.000000][2.161867,-0.823243,-0.182171][0.997924,-0.064402,0.000000][0.000000,1.000000,0.000000][2.233691,-0.090309,0.183609][0.999067,-0.043199,0.000000][0.000000,1.000000,0.000000]
[2.161867,-0.823243,0.183609][0.997924,-0.064402,0.000000][0.000000,1.000000,0.000000][2.159611,-0.895498,-0.182171][0.997988,-0.063399,0.000000][0.000000,1.000000,0.000000][2.161867,-0.823243,-0.182171][0.997924,-0.064402,0.000000][0.000000,1.000000,0.000000]
[2.159611,-0.895498,-0.182171][0.997988,-0.063399,0.000000][0.000000,1.000000,0.000000][2.161867,-0.823243,0.183609][0.997924,-0.064402,0.000000][0.000000,1.000000,0.000000][2.159611,-0.895498,0.183609][0.997988,-0.063399,0.000000][0.000000,1.000000,0.000000]
[2.159611,-0.895498,0.183609][0.997988,-0.063399,0.000000][0.000000,1.000000,0.000000][2.152792,-0.966504,-0.182171][0.790310,-0.612708,0.000000][0.000000,1.000000,0.000000][2.159611,-0.895498,-0.182171][0.997988,-0.063399,0.000000][0.000000,1.000000,0.000000]
[2.152792,-0.966504,-0.182171][0.790310,-0.612708,0.000000][0.000000,1.000000,0.000000][2.159611,-0.895498,0.183609][0.997988,-0.063399,0.000000][0.000000,1.000000,0.000000][2.152792,-0.966504,0.183609][0.790396,-0.612597,0.000000][0.000000,1.000000,0.000000]
[2.211835,0.243578,0.097889][0.910596,0.413298,0.000000][0.000000,1.000000,0.000000][2.307423,0.032990,0.247525][0.980665,0.195693,0.000000][0.000000,1.000000,0.000000][2.307423,0.032990,-0.251265][0.980665,0.195693,0.000000][0.000000,1.000000,0.000000]
[2.307423,0.032990,-0.251265][0.980665,0.195693,0.000000][0.000000,1.000000,0.000000][2.211835,0.243578,-0.101629][0.910596,0.413298,0.000000][0.000000,1.000000,0.000000][2.211835,0.243578,0.097889][0.910596,0.413298,0.000000][0.000000,1.000000,0.000000]
[2.307423,0.032990,0.247525][0.980665,0.195693,0.000000][0.000000,1.000000,0.000000][2.307423,-0.065865,-0.201386][0.999159,-0.040998,0.000000][0.000000,1.000000,0.000000][2.307423,0.032990,-0.251265][0.980665,0.195693,0.000000][0.000000,1.000000,0.000000]
[2.307423,-0.065865,-0.201386][0.999159,-0.040998,0.000000][0.000000,1.000000,0.000000][2.307423,0.032990,0.247525][0.980665,0.195693,0.000000][0.000000,1.000000,0.000000][2.307423,-0.065865,0.197645][0.999159,-0.040998,0.000000][0.000000,1.000000,0.000000]
[2.307423,-0.065865,-0.201386][0.999159,-0.040998,0.000000][0.000000,1.000000,0.000000][2.307423,-0.065865,0.197645][0.999159,-0.040998,0.000000][0.000000,1.000000,0.000000][2.235600,-0.826661,-0.201386][0.998070,-0.062098,0.000000][0.000000,1.000000,0.000000]
[2.235600,-0.826661,0.197645][0.998070,-0.062098,0.000000][0.000000,1.000000,0.000000][2.235600,-0.826661,-0.201386][0.998070,-0.062098,0.000000][0.000000,1.000000,0.000000][2.307423,-0.065865,0.197645][0.999159,-0.040998,0.000000][0.000000,1.000000,0.000000]
[2.235600,-0.826661,0.197645][0.998070,-0.062098,0.000000][0.000000,1.000000,0.000000][2.233343,-0.901660,-0.201386][0.998132,-0.061102,0.000000][0.000000,1.000000,0.000000][2.235600,-0.826661,-0.201386][0.998070,-0.062098,0.000000][0.000000,1.000000,0.000000]
[2.233343,-0.901660,-0.201386][0.998132,-0.061102,0.000000][0.000000,1.000000,0.000000][2.235600,-0.826661,0.197645][0.998070,-0.062098,0.000000][0.000000,1.000000,0.000000][2.233343,-0.901660,0.197645][0.998132,-0.061102,0.000000][0.000000,1.000000,0.000000]
[2.233343,-0.901660,0.197645][0.998132,-0.061102,0.000000][0.000000,1.000000,0.000000][2.226525,-0.975367,-0.201386][0.995749,-0.092105,0.000000][0.000000,1.000000,0.000000][2.233343,-0.901660,-0.201386][0.998132,-0.061102,0.000000][0.000000,1.000000,0.000000]
[2.226525,-0.975367,-0.201386][0.995749,-0.092105,0.000000][0.000000,1.000000,0.000000][2.233343,-0.901660,0.197645][0.998132,-0.061102,0.000000][0.000000,1.000000,0.000000][2.226525,-0.975367,0.197645][0.995749,-0.092105,0.000000][0.000000,1.000000,0.000000]
[2.153795,-0.901660,0.197645][0.000000,0.000000,1.000000][0.000000,1.000000,0.000000][2.226525,-0.975367,0.197645][0.000000,-0.717529,0.696528][0.000000,1.000000,0.000000][2.233343,-0.901660,0.197645][0.000000,0.000000,1.000000][0.000000,1.000000,0.000000]
[2.156052,-0.826661,0.197645][0.000000,0.000000,1.000000][0.000000,1.000000,0.000000][2.153795,-0.901660,0.197645][0.000000,0.000000,1.000000][0.000000,1.000000,0.000000][2.233343,-0.901660,0.197645][0.000000,0.000000,1.000000][0.000000,1.000000,0.000000]
[2.153795,-0.901660,0.197645][0.000000,0.000000,1.000000][0.000000,1.000000,0.000000][2.146975,-0.975367,0.197645][0.000000,-0.775070,0.631876][0.000000,1.000000,0.000000][2.226525,-0.975367,0.197645][0.000000,-0.717529,0.696528][0.000000,1.000000,0.000000]
[2.156052,-0.826661,0.197645][0.000000,0.000000,1.000000][0.000000,1.000000,0.000000][2.233343,-0.901660,0.197645][0.000000,0.000000,1.000000][0.000000,1.000000,0.000000][2.235600,-0.826661,0.197645][0.000000,0.000000,1.000000][0.000000,1.000000,0.000000]
[2.226525,-0.975367,0.197645][0.000000,-0.717529,0.696528][0.000000,1.000000,0.000000][2.146975,-0.975367,0.197645][0.000000,-0.775070,0.631876][0.000000,1.000000,0.000000][2.226525,-0.975367,-0.201386][0.000000,-0.717529,-0.696528][0.000000,1.000000,0.000000]
[2.235600,-0.826661,0.197645][0.000000,0.000000,1.000000][0.000000,1.000000,0.000000][2.227876,-0.065865,0.197645][0.000000,-0.224209,0.974541][0.000000,1.000000,0.000000][2.156052,-0.826661,0.197645][0.000000,0.000000,1.000000][0.000000,1.000000,0.000000]
[2.146975,-0.975367,0.197645][0.000000,-0.775070,0.631876][0.000000,1.000000,0.000000][2.146975,-0.975367,-0.201386][0.000000,-0.775030,-0.631924][0.000000,1.000000,0.000000][2.226525,-0.975367,-0.201386][0.000000,-0.717529,-0.696528][0.000000,1.000000,0.000000]
[2.307423,-0.065865,0.197645][0.000000,-0.244700,0.969599][0.000000,1.000000,0.000000][2.227876,-0.065865,0.197645][0.000000,-0.224209,0.974541][0.000000,1.000000,0.000000][2.235600,-0.826661,0.197645][0.000000,0.000000,1.000000][0.000000,1.000000,0.000000]
[2.226525,-0.975367,-0.201386][0.000000,-0.717529,-0.696528][0.000000,1.000000,0.000000][2.146975,-0.975367,-0.201386][0.000000,-0.775030,-0.631924][0.000000,1.000000,0.000000][2.153795,-0.901660,-0.201386][0.000000,0.000000,-1.000000][0.000000,1.000000,0.000000]
[2.227876,0.032990,0.247525][0.000000,0.163799,0.986494][0.000000,1.000000,0.000000][2.227876,-0.065865,0.197645][0.000000,-0.224209,0.974541][0.000000,1.000000,0.000000][2.307423,-0.065865,0.197645][0.000000,-0.244700,0.969599][0.000000,1.000000,0.000000]
[2.153795,-0.901660,-0.201386][0.000000,0.000000,-1.000000][0.000000,1.000000,0.000000][2.233343,-0.901660,-0.201386][0.000000,0.000000,-1.000000][0.000000,1.000000,0.000000][2.226525,-0.975367,-0.201386][0.000000,-0.717529,-0.696528][0.000000,1.000000,0.000000]
[2.227876,0.032990,0.247525][0.000000,0.163799,0.986494][0.000000,1.000000,0.000000][2.307423,-0.065865,0.197645][0.000000,-0.244700,0.969599][0.000000,1.000000,0.000000][2.307423,0.032990,0.247525][0.000000,-0.039201,0.999231][0.000000,1.000000,0.000000]
[2.233343,-0.901660,-0.201386][0.000000,0.000000,-1.000000][0.000000,1.000000,0.000000][2.153795,-0.901660,-0.201386][0.000000,0.000000,-1.000000][0.000000,1.000000,0.000000][2.156052,-0.826661,-0.201386][0.000000,0.000000,-1.000000][0.000000,1.000000,0.000000]
[2.227876,0.032990,0.247525][0.000000,0.163799,0.986494][0.000000,1.000000,0.000000][2.307423,0.032990,0.247525][0.000000,-0.039201,0.999231][0.000000,1.000000,0.000000][2.211835,0.243578,0.097889][0.000000,0.863002,0.505201][0.000000,1.000000,0.000000]
[2.156052,-0.826661,-0.201386][0.000000,0.000000,-1.000000][0.000000,1.000000,0.000000][2.235600,-0.826661,-0.201386][0.000000,0.000000,-1.000000][0.000000,1.000000,0.000000][2.233343,-0.901660,-0.201386][0.000000,0.000000,-1.000000][0.000000,1.000000,0.000000]
[2.211835,0.243578,0.097889][0.000000,0.863002,0.505201][0.000000,1.000000,0.000000][2.132289,0.243578,0.097889][0.000000,0.937308,0.348503][0.000000,1.000000,0.000000][2.227876,0.032990,0.247525][0.000000,0.163799,0.986494][0.000000,1.000000,0.000000]
[2.235600,-0.826661,-0.201386][0.000000,0.000000,-1.000000][0.000000,1.000000,0.000000][2.156052,-0.826661,-0.201386][0.000000,0.000000,-1.000000][0.000000,1.000000,0.000000][2.227876,-0.065865,-0.201386][0.000000,-0.223998,-0.974590][0.000000,1.000000,0.000000]
[2.132289,0.243578,0.097889][0.000000,0.937308,0.348503][0.000000,1.000000,0.000000][2.211835,0.243578,0.097889][0.000000,0.863002,0.505201][0.000000,1.000000,0.000000][2.132289,0.243578,-0.101629][0.000000,0.937308,-0.348503][0.000000,1.000000,0.000000]
[2.227876,-0.065865,-0.201386][0.000000,-0.223998,-0.974590][0.000000,1.000000,0.000000][2.307423,-0.065865,-0.201386][0.000000,-0.244700,-0.969599][0.000000,1.000000,0.000000][2.235600,-0.826661,-0.201386][0.000000,0.000000,-1.000000][0.000000,1.000000,0.000000]
[2.211835,0.243578,0.097889][0.000000,0.863002,0.505201][0.000000,1.000000,0.000000][2.211835,0.243578,-0.101629][0.000000,0.863002,-0.505201][0.000000,1.000000,0.000000][2.132289,0.243578,-0.101629][0.000000,0.937308,-0.348503][0.000000,1.000000,0.000000]
[2.227876,-0.065865,-0.201386][0.000000,-0.223998,-0.974590][0.000000,1.000000,0.000000][2.307423,0.032990,-0.251265][0.000000,-0.039201,-0.999231][0.000000,1.000000,0.000000][2.307423,-0.065865,-0.201386][0.000000,-0.244700,-0.969599][0.000000,1.000000,0.000000]
[2.132289,0.243578,-0.101629][0.000000,0.937308,-0.348503][0.000000,1.000000,0.000000][2.211835,0.243578,-0.101629][0.000000,0.863002,-0.505201][0.000000,1.000000,0.000000][2.227876,0.032990,-0.251265][0.000000,0.163799,-0.986494][0.000000,1.000000,0.000000]
[2.227876,-0.065865,-0.201386][0.000000,-0.223998,-0.974590][0.000000,1.000000,0.000000][2.227876,0.032990,-0.251265][0.000000,0.163799,-0.986494][0.000000,1.000000,0.000000][2.307423,0.032990,-0.251265][0.000000,-0.039201,-0.999231][0.000000,1.000000,0.000000]
[2.307423,0.032990,-0.251265][0.000000,-0.039201,-0.999231][0.000000,1.000000,0.000000][2.227876,0.032990,-0.251265][0.000000,0.163799,-0.986494][0.000000,1.000000,0.000000][2.211835,0.243578,-0.101629][0.000000,0.863002,-0.505201][0.000000,1.000000,0.000000]
[1.177748,-0.411091,-0.097308][0.167081,0.985943,0.000000][0.000000,1.000000,0.000000][0.888372,-0.362056,-0.097308][0.167081,0.985943,0.000000][0.000000,1.000000,0.000000][0.888372,-0.362056,0.097308][0.167081,0.985943,0.000000][0.000000,1.000000,0.000000]
[1.177748,-0.411091,-0.097308][0.167081,0.985943,0.000000][0.000000,1.000000,0.000000][0.888372,-0.362056,0.097308][0.167081,0.985943,0.000000][0.000000,1.000000,0.000000][1.177748,-0.411091,0.097308][0.167081,0.985943,0.000000][0.000000,1.000000,0.000000]
[0.768428,-0.955991,-0.116769][-0.167081,-0.985943,0.000000][0.000000,1.000000,0.000000][1.115681,-1.014833,-0.116769][-0.167081,-0.985943,0.000000][0.000000,1.000000,0.000000][1.115681,-1.014833,0.116769][-0.167081,-0.985943,0.000000][0.000000,1.000000,0.000000]
[0.768428,-0.955991,-0.116769][-0.167081,-0.985943,0.000000][0.000000,1.000000,0.000000][1.115681,-1.014833,0.116769][-0.167081,-0.985943,0.000000][0.000000,1.000000,0.000000][0.768428,-0.955991,0.116769][-0.167081,-0.985943,0.000000][0.000000,1.000000,0.000000]
[0.768428,-0.955991,-0.116769][-0.989988,0.141154,0.000000][0.000000,1.000000,0.000000][0.776611,-0.898603,0.116769][-0.989988,0.141154,0.000000][0.000000,1.000000,0.000000][0.776611,-0.898603,-0.116769][-0.989988,0.141154,0.000000][0.000000,1.000000,0.000000]
[0.776611,-0.898603,0.116769][-0.989988,0.141154,0.000000][0.000000,1.000000,0.000000][0.768428,-0.955991,-0.116769][-0.989988,0.141154,0.000000][0.000000,1.000000,0.000000][0.768428,-0.955991,0.116769][-0.989988,0.141154,0.000000][0.000000,1.000000,0.000000]
[1.177748,-0.411091,0.097308][0.990558,0.137098,0.000000][0.000000,1.000000,0.000000][1.192163,-0.515226,-0.097308][0.996022,0.089103,0.000000][0.000000,1.000000,0.000000][1.177748,-0.411091,-0.097308][0.990558,0.137098,0.000000][0.000000,1.000000,0.000000]
[1.192163,-0.515226,-0.097308][0.996022,0.089103,0.000000][0.000000,1.000000,0.000000][1.177748,-0.411091,0.097308][0.990558,0.137098,0.000000][0.000000,1.000000,0.000000][1.192163,-0.515226,0.097308][0.996022,0.089103,0.000000][0.000000,1.000000,0.000000]
[1.192163,-0.515226,-0.097308][0.996022,0.089103,0.000000][0.000000,1.000000,0.000000][1.192163,-0.515226,0.097308][0.996022,0.089103,0.000000][0.000000,1.000000,0.000000][1.196362,-0.617630,-0.097308][0.998748,-0.050027,0.000000][0.000000,1.000000,0.000000]
[1.196362,-0.617630,-0.097308][0.998748,-0.050027,0.000000][0.000000,1.000000,0.000000][1.192163,-0.515226,0.097308][0.996022,0.089103,0.000000][0.000000,1.000000,0.000000][1.196362,-0.617630,0.097308][0.998748,-0.050027,0.000000][0.000000,1.000000,0.000000]
[1.196362,-0.617630,0.097308][0.998748,-0.050027,0.000000][0.000000,1.000000,0.000000][1.182242,-0.716931,-0.097308][0.973020,-0.230723,0.000000][0.000000,1.000000,0.000000][1.196362,-0.617630,-0.097308][0.998748,-0.050027,0.000000][0.000000,1.000000,0.000000]
[1.182242,-0.716931,-0.097308][0.973020,-0.230723,0.000000][0.000000,1.000000,0.000000][1.196362,-0.617630,0.097308][0.998748,-0.050027,0.000000][0.000000,1.000000,0.000000][1.182242,-0.716931,0.097308][0.973020,-0.230723,0.000000][0.000000,1.000000,0.000000]
[1.182242,-0.716931,0.097308][0.973020,-0.230723,0.000000][0.000000,1.000000,0.000000][1.149806,-0.813128,-0.097308][0.930699,-0.365786,0.000000][0.000000,1.000000,0.000000][1.182242,-0.716931,-0.097308][0.973020,-0.230723,0.000000][0.000000,1.000000,0.000000]
[1.149806,-0.813128,-0.097308][0.930699,-0.365786,0.000000][0.000000,1.000000,0.000000][1.182242,-0.716931,0.097308][0.973020,-0.230723,0.000000][0.000000,1.000000,0.000000][1.149806,-0.813128,0.097308][0.930699,-0.365786,0.000000][0.000000,1.000000,0.000000]
[1.149806,-0.813128,-0.097308][0.930699,-0.365786,0.000000][0.000000,1.000000,0.000000][1.149806,-0.813128,0.097308][0.930699,-0.365786,0.000000][0.000000,1.000000,0.000000][1.107152,-0.907593,-0.097308][0.999886,-0.015114,0.000000][0.000000,1.000000,0.000000]
[1.107152,-0.907593,-0.097308][0.999886,-0.015114,0.000000][0.000000,1.000000,0.000000][1.149806,-0.813128,0.097308][0.930699,-0.365786,0.000000][0.000000,1.000000,0.000000][1.107152,-0.907593,0.097308][0.999886,-0.015114,0.000000][0.000000,1.000000,0.000000]
[1.123863,-0.957444,0.116769][0.948163,0.317784,0.000000][0.000000,1.000000,0.000000][1.107152,-0.907593,-0.097308][0.999886,-0.015114,0.000000][0.000000,1.000000,0.000000][1.107152,-0.907593,0.097308][0.999886,-0.015114,0.000000][0.000000,1.000000,0.000000]
[1.123863,-0.957444,0.116769][0.948163,0.317784,0.000000][0.000000,1.000000,0.000000][1.123863,-0.957444,-0.116769][0.948163,0.317784,0.000000][0.000000,1.000000,0.000000][1.107152,-0.907593,-0.097308][0.999886,-0.015114,0.000000][0.000000,1.000000,0.000000]
[1.115681,-1.014833,0.116769][0.989988,-0.141154,0.000000][0.000000,1.000000,0.000000][1.115681,-1.014833,-0.116769][0.989988,-0.141154,0.000000][0.000000,1.000000,0.000000][1.123863,-0.957444,-0.116769][0.989988,-0.141154,0.000000][0.000000,1.000000,0.000000]
[1.123863,-0.957444,-0.116769][0.989988,-0.141154,0.000000][0.000000,1.000000,0.000000][1.123863,-0.957444,0.116769][0.989988,-0.141154,0.000000][0.000000,1.000000,0.000000][1.115681,-1.014833,0.116769][0.989988,-0.141154,0.000000][0.000000,1.000000,0.000000]
[0.888372,-0.362056,-0.097308][-0.990558,-0.137098,0.000000][0.000000,1.000000,0.000000][0.902786,-0.466191,-0.097308][-0.996022,-0.089103,0.000000][0.000000,1.000000,0.000000][0.902786,-0.466191,0.097308][-0.996022,-0.089103,0.000000][0.000000,1.000000,0.000000]
[0.888372,-0.362056,-0.097308][-0.990558,-0.137098,0.000000][0.000000,1.000000,0.000000][0.902786,-0.466191,0.097308][-0.996022,-0.089103,0.000000][0.000000,1.000000,0.000000][0.888372,-0.362056,0.097308][-0.990558,-0.137098,0.000000][0.000000,1.000000,0.000000]
[0.902786,-0.466191,-0.097308][-0.996022,-0.089103,0.000000][0.000000,1.000000,0.000000][0.906985,-0.568595,0.097308][-0.998748,0.050027,0.000000][0.000000,1.000000,0.000000][0.902786,-0.466191,0.097308][-0.996022,-0.089103,0.000000][0.000000,1.000000,0.000000]
[0.902786,-0.466191,-0.097308][-0.996022,-0.089103,0.000000][0.000000,1.000000,0.000000][0.906985,-0.568595,-0.097308][-0.998748,0.050027,0.000000][0.000000,1.000000,0.000000][0.906985,-0.568595,0.097308][-0.998748,0.050027,0.000000][0.000000,1.000000,0.000000]
[0.906985,-0.568595,-0.097308][-0.998748,0.050027,0.000000][0.000000,1.000000,0.000000][0.892866,-0.667896,0.097308][-0.973020,0.230723,0.000000][0.000000,1.000000,0.000000][0.906985,-0.568595,0.097308][-0.998748,0.050027,0.000000][0.000000,1.000000,0.000000]
[0.906985,-0.568595,-0.097308][-0.998748,0.050027,0.000000][0.000000,1.000000,0.000000][0.892866,-0.667896,-0.097308][-0.973020,0.230723,0.000000][0.000000,1.000000,0.000000][0.892866,-0.667896,0.097308][-0.973020,0.230723,0.000000][0.000000,1.000000,0.000000]
[0.892866,-0.667896,-0.097308][-0.973020,0.230723,0.000000][0.000000,1.000000,0.000000][0.860430,-0.764093,0.097308][-0.930699,0.365786,0.000000][0.000000,1.000000,0.000000][0.892866,-0.667896,0.097308][-0.973020,0.230723,0.000000][0.000000,1.000000,0.000000]
[0.892866,-0.667896,-0.097308][-0.973020,0.230723,0.000000][0.000000,1.000000,0.000000][0.860430,-0.764093,-0.097308][-0.930699,0.365786,0.000000][0.000000,1.000000,0.000000][0.860430,-0.764093,0.097308][-0.930699,0.365786,0.000000][0.000000,1.000000,0.000000]
[0.860430,-0.764093,-0.097308][-0.930699,0.365786,0.000000][0.000000,1.000000,0.000000][0.817776,-0.858559,0.097308][-0.811845,0.583873,0.000000][0.000000,1.000000,0.000000][0.860430,-0.764093,0.097308][-0.930699,0.365786,0.000000][0.000000,1.000000,0.000000]
[0.860430,-0.764093,-0.097308][-0.930699,0.365786,0.000000][0.000000,1.000000,0.000000][0.817776,-0.858559,-0.097308][-0.811845,0.583873,0.000000][0.000000,1.000000,0.000000][0.817776,-0.858559,0.097308][-0.811845,0.583873,0.000000][0.000000,1.000000,0.000000]
[0.776611,-0.898603,-0.116769][-0.697290,0.716789,0.000000][0.000000,1.000000,0.000000][0.817776,-0.858559,0.097308][-0.811845,0.583873,0.000000][0.000000,1.000000,0.000000][0.817776,-0.858559,-0.097308][-0.811845,0.583873,0.000000][0.000000,1.000000,0.000000]
[0.776611,-0.898603,-0.116769][-0.697290,0.716789,0.000000][0.000000,1.000000,0.000000][0.776611,-0.898603,0.116769][-0.697290,0.716789,0.000000][0.000000,1.000000,0.000000][0.817776,-0.858559,0.097308][-0.811845,0.583873,0.000000][0.000000,1.000000,0.000000]
[1.115681,-1.014833,-0.116769][0.000000,0.000000,-1.000000][0.000000,1.000000,0.000000][0.776611,-0.898603,-0.116769][0.000000,0.000000,-1.000000][0.000000,1.000000,0.000000][1.123863,-0.957444,-0.116769][0.000000,0.000000,-1.000000][0.000000,1.000000,0.000000]
[0.776611,-0.898603,-0.116769][0.000000,0.000000,-1.000000][0.000000,1.000000,0.000000][1.115681,-1.014833,-0.116769][0.000000,0.000000,-1.000000][0.000000,1.000000,0.000000][0.768428,-0.955991,-0.116769][0.000000,0.000000,-1.000000][0.000000,1.000000,0.000000]
[1.115681,-1.014833,0.116769][0.000000,0.000000,1.000000][0.000000,1.000000,0.000000][0.776611,-0.898603,0.116769][0.000000,0.000000,1.000000][0.000000,1.000000,0.000000][0.768428,-0.955991,0.116769][0.000000,0.000000,1.000000][0.000000,1.000000,0.000000]
[0.776611,-0.898603,0.116769][0.000000,0.000000,1.000000][0.000000,1.000000,0.000000][1.115681,-1.014833,0.116769][0.000000,0.000000,1.000000][0.000000,1.000000,0.000000][1.123863,-0.957444,0.116769][0.000000,0.000000,1.000000][0.000000,1.000000,0.000000]
[1.177748,-0.411091,0.097308][0.000000,0.000000,1.000000][0.000000,1.000000,0.000000][0.902786,-0.466191,0.097308][0.000000,0.000000,1.000000][0.000000,1.000000,0.000000][1.192163,-0.515226,0.097308][0.000000,0.000000,1.000000][0.000000,1.000000,0.000000]
[0.902786,-0.466191,0.097308][0.000000,0.000000,1.000000][0.000000,1.000000,0.000000][1.177748,-0.411091,0.097308][0.000000,0.000000,1.000000][0.000000,1.000000,0.000000][0.888372,-0.362056,0.097308][0.000000,0.000000,1.000000][0.000000,1.000000,0.000000]
[0.906985,-0.568595,0.097308][0.000000,0.000000,1.000000][0.000000,1.000000,0.000000][1.192163,-0.515226,0.097308][0.000000,0.000000,1.000000][0.000000,1.000000,0.000000][0.902786,-0.466191,0.097308][0.000000,0.000000,1.000000][0.000000,1.000000,0.000000]
[1.192163,-0.515226,0.097308][0.000000,0.000000,1.000000][0.000000,1.000000,0.000000][0.906985,-0.568595,0.097308][0.000000,0.000000,1.000000][0.000000,1.000000,0.000000][1.196362,-0.617630,0.097308][0.000000,0.000000,1.000000][0.000000,1.000000,0.000000]
[0.892866,-0.667896,0.097308][0.000000,0.000000,1.000000][0.000000,1.000000,0.000000][1.196362,-0.617630,0.097308][0.000000,0.000000,1.000000][0.000000,1.000000,0.000000][0.906985,-0.568595,0.097308][0.000000,0.000000,1.000000][0.000000,1.000000,0.000000]
[1.196362,-0.617630,0.097308][0.000000,0.000000,1.000000][0.000000,1.000000,0.000000][0.892866,-0.667896,0.097308][0.000000,0.000000,1.000000][0.000000,1.000000,0.000000][1.182242,-0.716931,0.097308][0.000000,0.000000,1.000000][0.000000,1.000000,0.000000]
[1.182242,-0.716931,0.097308][0.000000,0.000000,1.000000][0.000000,1.000000,0.000000][0.892866,-0.667896,0.097308][0.000000,0.000000,1.000000][0.000000,1.000000,0.000000][1.149806,-0.813128,0.097308][0.000000,0.000000,1.000000][0.000000,1.000000,0.000000]
[0.860430,-0.764093,0.097308][0.000000,0.000000,1.000000][0.000000,1.000000,0.000000][1.149806,-0.813128,0.097308][0.000000,0.000000,1.000000][0.000000,1.000000,0.000000][0.892866,-0.667896,0.097308][0.000000,0.000000,1.000000][0.000000,1.000000,0.000000]
[1.149806,-0.813128,0.097308][0.000000,0.000000,1.000000][0.000000,1.000000,0.000000][0.860430,-0.764093,0.097308][0.000000,0.000000,1.000000][0.000000,1.000000,0.000000][1.107152,-0.907593,0.097308][0.034874,0.205636,0.978007][0.000000,1.000000,0.000000]
[0.817776,-0.858559,0.097308][0.042362,0.249935,0.967336][0.000000,1.000000,0.000000][1.107152,-0.907593,0.097308][0.034874,0.205636,0.978007][0.000000,1.000000,0.000000][0.860430,-0.764093,0.097308][0.000000,0.000000,1.000000][0.000000,1.000000,0.000000]
[0.817776,-0.858559,0.097308][0.042362,0.249935,0.967336][0.000000,1.000000,0.000000][1.123863,-0.957444,0.116769][0.064676,0.381658,0.922038][0.000000,1.000000,0.000000][1.107152,-0.907593,0.097308][0.034874,0.205636,0.978007][0.000000,1.000000,0.000000]
[1.123863,-0.957444,0.116769][0.064676,0.381658,0.922038][0.000000,1.000000,0.000000][0.817776,-0.858559,0.097308][0.042362,0.249935,0.967336][0.000000,1.000000,0.000000][0.776611,-0.898603,0.116769][0.064676,0.381658,0.922038][0.000000,1.000000,0.000000]
[1.177748,-0.411091,-0.097308][0.000000,0.000000,-1.000000][0.000000,1.000000,0.000000][0.902786,-0.466191,-0.097308][0.000000,0.000000,-1.000000][0.000000,1.000000,0.000000][0.888372,-0.362056,-0.097308][0.000000,0.000000,-1.000000][0.000000,1.000000,0.000000]
[0.902786,-0.466191,-0.097308][0.000000,0.000000,-1.000000][0.000000,1.000000,0.000000][1.177748,-0.411091,-0.097308][0.000000,0.000000,-1.000000][0.000000,1.000000,0.000000][1.192163,-0.515226,-0.097308][0.000000,0.000000,-1.000000][0.000000,1.000000,0.000000]
[1.192163,-0.515226,-0.097308][0.000000,0.000000,-1.000000][0.000000,1.000000,0.000000][0.906985,-0.568595,-0.097308][0.000000,0.000000,-1.000000][0.000000,1.000000,0.000000][0.902786,-0.466191,-0.097308][0.000000,0.000000,-1.000000][0.000000,1.000000,0.000000]
[0.906985,-0.568595,-0.097308][0.000000,0.000000,-1.000000][0.000000,1.000000,0.000000][1.192163,-0.515226,-0.097308][0.000000,0.000000,-1.000000][0.000000,1.000000,0.000000][1.196362,-0.617630,-0.097308][0.000000,0.000000,-1.000000][0.000000,1.000000,0.000000]
[1.196362,-0.617630,-0.097308][0.000000,0.000000,-1.000000][0.000000,1.000000,0.000000][0.892866,-0.667896,-0.097308][0.000000,0.000000,-1.000000][0.000000,1.000000,0.000000][0.906985,-0.568595,-0.097308][0.000000,0.000000,-1.000000][0.000000,1.000000,0.000000]
[0.892866,-0.667896,-0.097308][0.000000,0.000000,-1.000000][0.000000,1.000000,0.000000][1.196362,-0.617630,-0.097308][0.000000,0.000000,-1.000000][0.000000,1.000000,0.000000][1.182242,-0.716931,-0.097308][0.000000,0.000000,-1.000000][0.000000,1.000000,0.000000]
[1.149806,-0.813128,-0.097308][0.000000,0.000000,-1.000000][0.000000,1.000000,0.000000][0.892866,-0.667896,-0.097308][0.000000,0.000000,-1.000000][0.000000,1.000000,0.000000][1.182242,-0.716931,-0.097308][0.000000,0.000000,-1.000000][0.000000,1.000000,0.000000]
[0.892866,-0.667896,-0.097308][0.000000,0.000000,-1.000000][0.000000,1.000000,0.000000][1.149806,-0.813128,-0.097308][0.000000,0.000000,-1.000000][0.000000,1.000000,0.000000][0.860430,-0.764093,-0.097308][0.000000,0.000000,-1.000000][0.000000,1.000000,0.000000]
[1.107152,-0.907593,-0.097308][0.034874,0.205636,-0.978007][0.000000,1.000000,0.000000][0.860430,-0.764093,-0.097308][0.000000,0.000000,-1.000000][0.000000,1.000000,0.000000][1.149806,-0.813128,-0.097308][0.000000,0.000000,-1.000000][0.000000,1.000000,0.000000]
[0.860430,-0.764093,-0.097308][0.000000,0.000000,-1.000000][0.000000,1.000000,0.000000][1.107152,-0.907593,-0.097308][0.034874,0.205636,-0.978007][0.000000,1.000000,0.000000][0.817776,-0.858559,-0.097308][0.042362,0.249935,-0.967336][0.000000,1.000000,0.000000]
[1.123863,-0.957444,-0.116769][0.064676,0.381658,-0.922038][0.000000,1.000000,0.000000][0.817776,-0.858559,-0.097308][0.042362,0.249935,-0.967336][0.000000,1.000000,0.000000][1.107152,-0.907593,-0.097308][0.034874,0.205636,-0.978007][0.000000,1.000000,0.000000]
[0.817776,-0.858559,-0.097308][0.042362,0.249935,-0.967336][0.000000,1.000000,0.000000][1.123863,-0.957444,-0.116769][0.064676,0.381658,-0.922038][0.000000,1.000000,0.000000][0.776611,-0.898603,-0.116769][0.064676,0.381658,-0.922038][0.000000,1.000000,0.000000]
[0.957961,-0.850590,-0.103839][-0.167081,-0.985943,0.000000][0.000000,1.000000,0.000000][0.957961,-0.850590,0.103839][-0.167081,-0.985943,0.000000][0.000000,1.000000,0.000000][0.932218,-0.846227,-0.103839][-0.167081,-0.985943,0.000000][0.000000,1.000000,0.000000]
[0.932218,-0.846227,-0.103839][-0.167081,-0.985943,0.000000][0.000000,1.000000,0.000000][0.957961,-0.850590,0.103839][-0.167081,-0.985943,0.000000][0.000000,1.000000,0.000000][0.932218,-0.846227,0.103839][-0.167081,-0.985943,0.000000][0.000000,1.000000,0.000000]
[0.997009,-0.390549,-0.103839][0.167081,0.985943,0.000000][0.000000,1.000000,0.000000][0.997009,-0.390549,0.103839][0.167081,0.985943,0.000000][0.000000,1.000000,0.000000][1.022752,-0.394911,-0.103839][0.167081,0.985943,0.000000][0.000000,1.000000,0.000000]
[1.022752,-0.394911,-0.103839][0.167081,0.985943,0.000000][0.000000,1.000000,0.000000][0.997009,-0.390549,0.103839][0.167081,0.985943,0.000000][0.000000,1.000000,0.000000][1.022752,-0.394911,0.103839][0.167081,0.985943,0.000000][0.000000,1.000000,0.000000]
[1.052592,-0.866624,-0.103839][-0.167081,-0.985943,0.000000][0.000000,1.000000,0.000000][1.052592,-0.866624,0.103839][-0.167081,-0.985943,0.000000][0.000000,1.000000,0.000000][1.026848,-0.862262,-0.103839][-0.167081,-0.985943,0.000000][0.000000,1.000000,0.000000]
[1.026848,-0.862262,-0.103839][-0.167081,-0.985943,0.000000][0.000000,1.000000,0.000000][1.052592,-0.866624,0.103839][-0.167081,-0.985943,0.000000][0.000000,1.000000,0.000000][1.026848,-0.862262,0.103839][-0.167081,-0.985943,0.000000][0.000000,1.000000,0.000000]
[1.091639,-0.406584,-0.103839][0.167081,0.985943,0.000000][0.000000,1.000000,0.000000][1.091639,-0.406584,0.103839][0.167081,0.985943,0.000000][0.000000,1.000000,0.000000][1.117382,-0.410946,-0.103839][0.167081,0.985943,0.000000][0.000000,1.000000,0.000000]
[1.117382,-0.410946,-0.103839][0.167081,0.985943,0.000000][0.000000,1.000000,0.000000][1.091639,-0.406584,0.103839][0.167081,0.985943,0.000000][0.000000,1.000000,0.000000][1.117382,-0.410946,0.103839][0.167081,0.985943,0.000000][0.000000,1.000000,0.000000]
[0.863331,-0.834554,-0.103839][-0.167081,-0.985943,0.000000][0.000000,1.000000,0.000000][0.863331,-0.834554,0.103839][-0.167081,-0.985943,0.000000][0.000000,1.000000,0.000000][0.837588,-0.830192,-0.103839][-0.167081,-0.985943,0.000000][0.000000,1.000000,0.000000]
[0.837588,-0.830192,-0.103839][-0.167081,-0.985943,0.000000][0.000000,1.000000,0.000000][0.863331,-0.834554,0.103839][-0.167081,-0.985943,0.000000][0.000000,1.000000,0.000000][0.837588,-0.830192,0.103839][-0.167081,-0.985943,0.000000][0.000000,1.000000,0.000000]
[0.902378,-0.374514,-0.103839][0.167081,0.985943,0.000000][0.000000,1.000000,0.000000][0.902378,-0.374514,0.103839][0.167081,0.985943,0.000000][0.000000,1.000000,0.000000][0.928121,-0.378876,-0.103839][0.167081,0.985943,0.000000][0.000000,1.000000,0.000000]
[0.928121,-0.378876,-0.103839][0.167081,0.985943,0.000000][0.000000,1.000000,0.000000][0.902378,-0.374514,0.103839][0.167081,0.985943,0.000000][0.000000,1.000000,0.000000][0.928121,-0.378876,0.103839][0.167081,0.985943,0.000000][0.000000,1.000000,0.000000]
[1.117382,-0.410946,-0.103839][0.988867,0.148799,0.000000][0.000000,1.000000,0.000000][1.117382,-0.410946,0.103839][0.988867,0.148799,0.000000][0.000000,1.000000,0.000000][1.130692,-0.499387,-0.103839][0.995669,0.092966,0.000000][0.000000,1.000000,0.000000]
[1.130692,-0.499387,-0.103839][0.995669,0.092966,0.000000][0.000000,1.000000,0.000000][1.117382,-0.410946,0.103839][0.988867,0.148799,0.000000][0.000000,1.000000,0.000000][1.130692,-0.499387,0.103839][0.995669,0.092966,0.000000][0.000000,1.000000,0.000000]
[1.130692,-0.499387,-0.103839][0.995669,0.092966,0.000000][0.000000,1.000000,0.000000][1.130692,-0.499387,0.103839][0.995669,0.092966,0.000000][0.000000,1.000000,0.000000][1.134334,-0.598100,-0.103839][0.998645,-0.052043,0.000000][0.000000,1.000000,0.000000]
[1.134334,-0.598100,-0.103839][0.998645,-0.052043,0.000000][0.000000,1.000000,0.000000][1.130692,-0.499387,0.103839][0.995669,0.092966,0.000000][0.000000,1.000000,0.000000][1.134334,-0.598100,0.103839][0.998645,-0.052043,0.000000][0.000000,1.000000,0.000000]
[1.134334,-0.598100,-0.103839][0.998645,-0.052043,0.000000][0.000000,1.000000,0.000000][1.134334,-0.598100,0.103839][0.998645,-0.052043,0.000000][0.000000,1.000000,0.000000][1.120715,-0.693887,-0.103839][0.973478,-0.228779,0.000000][0.000000,1.000000,0.000000]
[1.120715,-0.693887,-0.103839][0.973478,-0.228779,0.000000][0.000000,1.000000,0.000000][1.134334,-0.598100,0.103839][0.998645,-0.052043,0.000000][0.000000,1.000000,0.000000][1.120715,-0.693887,0.103839][0.973478,-0.228779,0.000000][0.000000,1.000000,0.000000]
[1.120715,-0.693887,-0.103839][0.973478,-0.228779,0.000000][0.000000,1.000000,0.000000][1.120715,-0.693887,0.103839][0.973478,-0.228779,0.000000][0.000000,1.000000,0.000000][1.089833,-0.786750,-0.103839][0.929229,-0.369504,0.000000][0.000000,1.000000,0.000000]
[1.089833,-0.786750,-0.103839][0.929229,-0.369504,0.000000][0.000000,1.000000,0.000000][1.120715,-0.693887,0.103839][0.973478,-0.228779,0.000000][0.000000,1.000000,0.000000][1.089833,-0.786750,0.103839][0.929229,-0.369504,0.000000][0.000000,1.000000,0.000000]
[1.089833,-0.786750,-0.103839][0.929229,-0.369504,0.000000][0.000000,1.000000,0.000000][1.089833,-0.786750,0.103839][0.929229,-0.369504,0.000000][0.000000,1.000000,0.000000][1.052592,-0.866624,-0.103839][0.906333,-0.422564,0.000000][0.000000,1.000000,0.000000]
[1.052592,-0.866624,-0.103839][0.906333,-0.422564,0.000000][0.000000,1.000000,0.000000][1.089833,-0.786750,0.103839][0.929229,-0.369504,0.000000][0.000000,1.000000,0.000000][1.052592,-0.866624,0.103839][0.906333,-0.422564,0.000000][0.000000,1.000000,0.000000]
[0.915688,-0.462955,-0.103839][-0.995669,-0.092966,0.000000][0.000000,1.000000,0.000000][0.915688,-0.462955,0.103839][-0.995669,-0.092966,0.000000][0.000000,1.000000,0.000000][0.902378,-0.374514,-0.103839][-0.988867,-0.148799,0.000000][0.000000,1.000000,0.000000]
[0.902378,-0.374514,-0.103839][-0.988867,-0.148799,0.000000][0.000000,1.000000,0.000000][0.915688,-0.462955,0.103839][-0.995669,-0.092966,0.000000][0.000000,1.000000,0.000000][0.902378,-0.374514,0.103839][-0.988867,-0.148799,0.000000][0.000000,1.000000,0.000000]
[0.915688,-0.462955,-0.103839][-0.995669,-0.092966,0.000000][0.000000,1.000000,0.000000][0.919330,-0.561668,0.103839][-0.998645,0.052043,0.000000][0.000000,1.000000,0.000000][0.915688,-0.462955,0.103839][-0.995669,-0.092966,0.000000][0.000000,1.000000,0.000000]
[0.919330,-0.561668,-0.103839][-0.998645,0.052043,0.000000][0.000000,1.000000,0.000000][0.919330,-0.561668,0.103839][-0.998645,0.052043,0.000000][0.000000,1.000000,0.000000][0.915688,-0.462955,-0.103839][-0.995669,-0.092966,0.000000][0.000000,1.000000,0.000000]
[0.919330,-0.561668,-0.103839][-0.998645,0.052043,0.000000][0.000000,1.000000,0.000000][0.905711,-0.657455,0.103839][-0.973478,0.228779,0.000000][0.000000,1.000000,0.000000][0.919330,-0.561668,0.103839][-0.998645,0.052043,0.000000][0.000000,1.000000,0.000000]
[0.905711,-0.657455,-0.103839][-0.973478,0.228779,0.000000][0.000000,1.000000,0.000000][0.905711,-0.657455,0.103839][-0.973478,0.228779,0.000000][0.000000,1.000000,0.000000][0.919330,-0.561668,-0.103839][-0.998645,0.052043,0.000000][0.000000,1.000000,0.000000]
[0.905711,-0.657455,-0.103839][-0.973478,0.228779,0.000000][0.000000,1.000000,0.000000][0.874829,-0.750318,0.103839][-0.929229,0.369504,0.000000][0.000000,1.000000,0.000000][0.905711,-0.657455,0.103839][-0.973478,0.228779,0.000000][0.000000,1.000000,0.000000]
[0.874829,-0.750318,-0.103839][-0.929229,0.369504,0.000000][0.000000,1.000000,0.000000][0.874829,-0.750318,0.103839][-0.929229,0.369504,0.000000][0.000000,1.000000,0.000000][0.905711,-0.657455,-0.103839][-0.973478,0.228779,0.000000][0.000000,1.000000,0.000000]
[0.874829,-0.750318,-0.103839][-0.929229,0.369504,0.000000][0.000000,1.000000,0.000000][0.837588,-0.830192,0.103839][-0.906333,0.422564,0.000000][0.000000,1.000000,0.000000][0.874829,-0.750318,0.103839][-0.929229,0.369504,0.000000][0.000000,1.000000,0.000000]
[0.837588,-0.830192,-0.103839][-0.906333,0.422564,0.000000][0.000000,1.000000,0.000000][0.837588,-0.830192,0.103839][-0.906333,0.422564,0.000000][0.000000,1.000000,0.000000][0.874829,-0.750318,-0.103839][-0.929229,0.369504,0.000000][0.000000,1.000000,0.000000]
[1.010319,-0.478990,0.103839][0.000000,0.000000,1.000000][0.000000,1.000000,0.000000][1.022752,-0.394911,0.103839][0.000000,0.000000,1.000000][0.000000,1.000000,0.000000][0.997009,-0.390549,0.103839][0.000000,0.000000,1.000000][0.000000,1.000000,0.000000]
[1.022752,-0.394911,0.103839][0.000000,0.000000,1.000000][0.000000,1.000000,0.000000][1.010319,-0.478990,0.103839][0.000000,0.000000,1.000000][0.000000,1.000000,0.000000][1.036062,-0.483352,0.103839][0.000000,0.000000,1.000000][0.000000,1.000000,0.000000]
[1.013961,-0.577703,0.103839][0.000000,0.000000,1.000000][0.000000,1.000000,0.000000][1.036062,-0.483352,0.103839][0.000000,0.000000,1.000000][0.000000,1.000000,0.000000][1.010319,-0.478990,0.103839][0.000000,0.000000,1.000000][0.000000,1.000000,0.000000]
[1.036062,-0.483352,0.103839][0.000000,0.000000,1.000000][0.000000,1.000000,0.000000][1.013961,-0.577703,0.103839][0.000000,0.000000,1.000000][0.000000,1.000000,0.000000][1.039705,-0.582065,0.103839][0.000000,0.000000,1.000000][0.000000,1.000000,0.000000]
[1.026085,-0.677852,0.103839][0.000000,0.000000,1.000000][0.000000,1.000000,0.000000][1.039705,-0.582065,0.103839][0.000000,0.000000,1.000000][0.000000,1.000000,0.000000][1.013961,-0.577703,0.103839][0.000000,0.000000,1.000000][0.000000,1.000000,0.000000]
[1.013961,-0.577703,0.103839][0.000000,0.000000,1.000000][0.000000,1.000000,0.000000][1.000341,-0.673490,0.103839][0.000000,0.000000,1.000000][0.000000,1.000000,0.000000][1.026085,-0.677852,0.103839][0.000000,0.000000,1.000000][0.000000,1.000000,0.000000]
[0.995203,-0.770715,0.103839][0.000000,0.000000,1.000000][0.000000,1.000000,0.000000][1.026085,-0.677852,0.103839][0.000000,0.000000,1.000000][0.000000,1.000000,0.000000][1.000341,-0.673490,0.103839][0.000000,0.000000,1.000000][0.000000,1.000000,0.000000]
[1.000341,-0.673490,0.103839][0.000000,0.000000,1.000000][0.000000,1.000000,0.000000][0.969460,-0.766353,0.103839][0.000000,0.000000,1.000000][0.000000,1.000000,0.000000][0.995203,-0.770715,0.103839][0.000000,0.000000,1.000000][0.000000,1.000000,0.000000]
[0.957961,-0.850590,0.103839][0.000000,0.000000,1.000000][0.000000,1.000000,0.000000][0.995203,-0.770715,0.103839][0.000000,0.000000,1.000000][0.000000,1.000000,0.000000][0.969460,-0.766353,0.103839][0.000000,0.000000,1.000000][0.000000,1.000000,0.000000]
[0.969460,-0.766353,0.103839][0.000000,0.000000,1.000000][0.000000,1.000000,0.000000][0.932218,-0.846227,0.103839][0.000000,0.000000,1.000000][0.000000,1.000000,0.000000][0.957961,-0.850590,0.103839][0.000000,0.000000,1.000000][0.000000,1.000000,0.000000]
[1.022752,-0.394911,-0.103839][0.000000,0.000000,-1.000000][0.000000,1.000000,0.000000][1.010319,-0.478990,-0.103839][0.000000,0.000000,-1.000000][0.000000,1.000000,0.000000][0.997009,-0.390549,-0.103839][0.000000,0.000000,-1.000000][0.000000,1.000000,0.000000]
[1.010319,-0.478990,-0.103839][0.000000,0.000000,-1.000000][0.000000,1.000000,0.000000][1.022752,-0.394911,-0.103839][0.000000,0.000000,-1.000000][0.000000,1.000000,0.000000][1.036062,-0.483352,-0.103839][0.000000,0.000000,-1.000000][0.000000,1.000000,0.000000]
[1.036062,-0.483352,-0.103839][0.000000,0.000000,-1.000000][0.000000,1.000000,0.000000][1.013961,-0.577703,-0.103839][0.000000,0.000000,-1.000000][0.000000,1.000000,0.000000][1.010319,-0.478990,-0.103839][0.000000,0.000000,-1.000000][0.000000,1.000000,0.000000]
[1.013961,-0.577703,-0.103839][0.000000,0.000000,-1.000000][0.000000,1.000000,0.000000][1.036062,-0.483352,-0.103839][0.000000,0.000000,-1.000000][0.000000,1.000000,0.000000][1.039705,-0.582065,-0.103839][0.000000,0.000000,-1.000000][0.000000,1.000000,0.000000]
[1.026085,-0.677852,-0.103839][0.000000,0.000000,-1.000000][0.000000,1.000000,0.000000][1.013961,-0.577703,-0.103839][0.000000,0.000000,-1.000000][0.000000,1.000000,0.000000][1.039705,-0.582065,-0.103839][0.000000,0.000000,-1.000000][0.000000,1.000000,0.000000]
[1.013961,-0.577703,-0.103839][0.000000,0.000000,-1.000000][0.000000,1.000000,0.000000][1.026085,-0.677852,-0.103839][0.000000,0.000000,-1.000000][0.000000,1.000000,0.000000][1.000341,-0.673490,-0.103839][0.000000,0.000000,-1.000000][0.000000,1.000000,0.000000]
[0.995203,-0.770715,-0.103839][0.000000,0.000000,-1.000000][0.000000,1.000000,0.000000][1.000341,-0.673490,-0.103839][0.000000,0.000000,-1.000000][0.000000,1.000000,0.000000][1.026085,-0.677852,-0.103839][0.000000,0.000000,-1.000000][0.000000,1.000000,0.000000]
[1.000341,-0.673490,-0.103839][0.000000,0.000000,-1.000000][0.000000,1.000000,0.000000][0.995203,-0.770715,-0.103839][0.000000,0.000000,-1.000000][0.000000,1.000000,0.000000][0.969460,-0.766353,-0.103839][0.000000,0.000000,-1.000000][0.000000,1.000000,0.000000]
[0.957961,-0.850590,-0.103839][0.000000,0.000000,-1.000000][0.000000,1.000000,0.000000][0.969460,-0.766353,-0.103839][0.000000,0.000000,-1.000000][0.000000,1.000000,0.000000][0.995203,-0.770715,-0.103839][0.000000,0.000000,-1.000000][0.000000,1.000000,0.000000]
[0.969460,-0.766353,-0.103839][0.000000,0.000000,-1.000000][0.000000,1.000000,0.000000][0.957961,-0.850590,-0.103839][0.000000,0.000000,-1.000000][0.000000,1.000000,0.000000][0.932218,-0.846227,-0.103839][0.000000,0.000000,-1.000000][0.000000,1.000000,0.000000]
[1.104949,-0.495025,0.103839][0.000000,0.000000,1.000000][0.000000,1.000000,0.000000][1.117382,-0.410946,0.103839][0.000000,0.000000,1.000000][0.000000,1.000000,0.000000][1.091639,-0.406584,0.103839][0.000000,0.000000,1.000000][0.000000,1.000000,0.000000]
[1.117382,-0.410946,0.103839][0.000000,0.000000,1.000000][0.000000,1.000000,0.000000][1.104949,-0.495025,0.103839][0.000000,0.000000,1.000000][0.000000,1.000000,0.000000][1.130692,-0.499387,0.103839][0.000000,0.000000,1.000000][0.000000,1.000000,0.000000]
[1.108591,-0.593738,0.103839][0.000000,0.000000,1.000000][0.000000,1.000000,0.000000][1.130692,-0.499387,0.103839][0.000000,0.000000,1.000000][0.000000,1.000000,0.000000][1.104949,-0.495025,0.103839][0.000000,0.000000,1.000000][0.000000,1.000000,0.000000]
[1.130692,-0.499387,0.103839][0.000000,0.000000,1.000000][0.000000,1.000000,0.000000][1.108591,-0.593738,0.103839][0.000000,0.000000,1.000000][0.000000,1.000000,0.000000][1.134334,-0.598100,0.103839][0.000000,0.000000,1.000000][0.000000,1.000000,0.000000]
[1.120715,-0.693887,0.103839][0.000000,0.000000,1.000000][0.000000,1.000000,0.000000][1.134334,-0.598100,0.103839][0.000000,0.000000,1.000000][0.000000,1.000000,0.000000][1.108591,-0.593738,0.103839][0.000000,0.000000,1.000000][0.000000,1.000000,0.000000]
[1.108591,-0.593738,0.103839][0.000000,0.000000,1.000000][0.000000,1.000000,0.000000][1.094971,-0.689525,0.103839][0.000000,0.000000,1.000000][0.000000,1.000000,0.000000][1.120715,-0.693887,0.103839][0.000000,0.000000,1.000000][0.000000,1.000000,0.000000]
[1.089833,-0.786750,0.103839][0.000000,0.000000,1.000000][0.000000,1.000000,0.000000][1.120715,-0.693887,0.103839][0.000000,0.000000,1.000000][0.000000,1.000000,0.000000][1.094971,-0.689525,0.103839][0.000000,0.000000,1.000000][0.000000,1.000000,0.000000]
[1.094971,-0.689525,0.103839][0.000000,0.000000,1.000000][0.000000,1.000000,0.000000][1.064090,-0.782388,0.103839][0.000000,0.000000,1.000000][0.000000,1.000000,0.000000][1.089833,-0.786750,0.103839][0.000000,0.000000,1.000000][0.000000,1.000000,0.000000]
[1.052592,-0.866624,0.103839][0.000000,0.000000,1.000000][0.000000,1.000000,0.000000][1.089833,-0.786750,0.103839][0.000000,0.000000,1.000000][0.000000,1.000000,0.000000][1.064090,-0.782388,0.103839][0.000000,0.000000,1.000000][0.000000,1.000000,0.000000]
[1.064090,-0.782388,0.103839][0.000000,0.000000,1.000000][0.000000,1.000000,0.000000][1.026848,-0.862262,0.103839][0.000000,0.000000,1.000000][0.000000,1.000000,0.000000][1.052592,-0.866624,0.103839][0.000000,0.000000,1.000000][0.000000,1.000000,0.000000]
[1.117382,-0.410946,-0.103839][0.000000,0.000000,-1.000000][0.000000,1.000000,0.000000][1.104949,-0.495025,-0.103839][0.000000,0.000000,-1.000000][0.000000,1.000000,0.000000][1.091639,-0.406584,-0.103839][0.000000,0.000000,-1.000000][0.000000,1.000000,0.000000]
[1.104949,-0.495025,-0.103839][0.000000,0.000000,-1.000000][0.000000,1.000000,0.000000][1.117382,-0.410946,-0.103839][0.000000,0.000000,-1.000000][0.000000,1.000000,0.000000][1.130692,-0.499387,-0.103839][0.000000,0.000000,-1.000000][0.000000,1.000000,0.000000]
[1.130692,-0.499387,-0.103839][0.000000,0.000000,-1.000000][0.000000,1.000000,0.000000][1.108591,-0.593738,-0.103839][0.000000,0.000000,-1.000000][0.000000,1.000000,0.000000][1.104949,-0.495025,-0.103839][0.000000,0.000000,-1.000000][0.000000,1.000000,0.000000]
[1.108591,-0.593738,-0.103839][0.000000,0.000000,-1.000000][0.000000,1.000000,0.000000][1.130692,-0.499387,-0.103839][0.000000,0.000000,-1.000000][0.000000,1.000000,0.000000][1.134334,-0.598100,-0.103839][0.000000,0.000000,-1.000000][0.000000,1.000000,0.000000]
[1.120715,-0.693887,-0.103839][0.000000,0.000000,-1.000000][0.000000,1.000000,0.000000][1.108591,-0.593738,-0.103839][0.000000,0.000000,-1.000000][0.000000,1.000000,0.000000][1.134334,-0.598100,-0.103839][0.000000,0.000000,-1.000000][0.000000,1.000000,0.000000]
[1.108591,-0.593738,-0.103839][0.000000,0.000000,-1.000000][0.000000,1.000000,0.000000][1.120715,-0.693887,-0.103839][0.000000,0.000000,-1.000000][0.000000,1.000000,0.000000][1.094971,-0.689525,-0.103839][0.000000,0.000000,-1.000000][0.000000,1.000000,0.000000]
[1.089833,-0.786750,-0.103839][0.000000,0.000000,-1.000000][0.000000,1.000000,0.000000][1.094971,-0.689525,-0.103839][0.000000,0.000000,-1.000000][0.000000,1.000000,0.000000][1.120715,-0.693887,-0.103839][0.000000,0.000000,-1.000000][0.000000,1.000000,0.000000]
[1.094971,-0.689525,-0.103839][0.000000,0.000000,-1.000000][0.000000,1.000000,0.000000][1.089833,-0.786750,-0.103839][0.000000,0.000000,-1.000000][0.000000,1.000000,0.000000][1.064090,-0.782388,-0.103839][0.000000,0.000000,-1.000000][0.000000,1.000000,0.000000]
[1.052592,-0.866624,-0.103839][0.000000,0.000000,-1.000000][0.000000,1.000000,0.000000][1.064090,-0.782388,-0.103839][0.000000,0.000000,-1.000000][0.000000,1.000000,0.000000][1.089833,-0.786750,-0.103839][0.000000,0.000000,-1.000000][0.000000,1.000000,0.000000]
[1.064090,-0.782388,-0.103839][0.000000,0.000000,-1.000000][0.000000,1.000000,0.000000][1.052592,-0.866624,-0.103839][0.000000,0.000000,-1.000000][0.000000,1.000000,0.000000][1.026848,-0.862262,-0.103839][0.000000,0.000000,-1.000000][0.000000,1.000000,0.000000]
[0.915688,-0.462955,0.103839][0.000000,0.000000,1.000000][0.000000,1.000000,0.000000][0.928121,-0.378876,0.103839][0.000000,0.000000,1.000000][0.000000,1.000000,0.000000][0.902378,-0.374514,0.103839][0.000000,0.000000,1.000000][0.000000,1.000000,0.000000]
[0.928121,-0.378876,0.103839][0.000000,0.000000,1.000000][0.000000,1.000000,0.000000][0.915688,-0.462955,0.103839][0.000000,0.000000,1.000000][0.000000,1.000000,0.000000][0.941432,-0.467317,0.103839][0.000000,0.000000,1.000000][0.000000,1.000000,0.000000]
[0.919330,-0.561668,0.103839][0.000000,0.000000,1.000000][0.000000,1.000000,0.000000][0.941432,-0.467317,0.103839][0.000000,0.000000,1.000000][0.000000,1.000000,0.000000][0.915688,-0.462955,0.103839][0.000000,0.000000,1.000000][0.000000,1.000000,0.000000]
[0.941432,-0.467317,0.103839][0.000000,0.000000,1.000000][0.000000,1.000000,0.000000][0.919330,-0.561668,0.103839][0.000000,0.000000,1.000000][0.000000,1.000000,0.000000][0.945074,-0.566030,0.103839][0.000000,0.000000,1.000000][0.000000,1.000000,0.000000]
[0.931455,-0.661817,0.103839][0.000000,0.000000,1.000000][0.000000,1.000000,0.000000][0.945074,-0.566030,0.103839][0.000000,0.000000,1.000000][0.000000,1.000000,0.000000][0.919330,-0.561668,0.103839][0.000000,0.000000,1.000000][0.000000,1.000000,0.000000]
[0.919330,-0.561668,0.103839][0.000000,0.000000,1.000000][0.000000,1.000000,0.000000][0.905711,-0.657455,0.103839][0.000000,0.000000,1.000000][0.000000,1.000000,0.000000][0.931455,-0.661817,0.103839][0.000000,0.000000,1.000000][0.000000,1.000000,0.000000]
[0.900573,-0.754680,0.103839][0.000000,0.000000,1.000000][0.000000,1.000000,0.000000][0.931455,-0.661817,0.103839][0.000000,0.000000,1.000000][0.000000,1.000000,0.000000][0.905711,-0.657455,0.103839][0.000000,0.000000,1.000000][0.000000,1.000000,0.000000]
[0.905711,-0.657455,0.103839][0.000000,0.000000,1.000000][0.000000,1.000000,0.000000][0.874829,-0.750318,0.103839][0.000000,0.000000,1.000000][0.000000,1.000000,0.000000][0.900573,-0.754680,0.103839][0.000000,0.000000,1.000000][0.000000,1.000000,0.000000]
[0.863331,-0.834554,0.103839][0.000000,0.000000,1.000000][0.000000,1.000000,0.000000][0.900573,-0.754680,0.103839][0.000000,0.000000,1.000000][0.000000,1.000000,0.000000][0.874829,-0.750318,0.103839][0.000000,0.000000,1.000000][0.000000,1.000000,0.000000]
[0.874829,-0.750318,0.103839][0.000000,0.000000,1.000000][0.000000,1.000000,0.000000][0.837588,-0.830192,0.103839][0.000000,0.000000,1.000000][0.000000,1.000000,0.000000][0.863331,-0.834554,0.103839][0.000000,0.000000,1.000000][0.000000,1.000000,0.000000]
[0.928121,-0.378876,-0.103839][0.000000,0.000000,-1.000000][0.000000,1.000000,0.000000][0.915688,-0.462955,-0.103839][0.000000,0.000000,-1.000000][0.000000,1.000000,0.000000][0.902378,-0.374514,-0.103839][0.000000,0.000000,-1.000000][0.000000,1.000000,0.000000]
[0.915688,-0.462955,-0.103839][0.000000,0.000000,-1.000000][0.000000,1.000000,0.000000][0.928121,-0.378876,-0.103839][0.000000,0.000000,-1.000000][0.000000,1.000000,0.000000][0.941432,-0.467317,-0.103839][0.000000,0.000000,-1.000000][0.000000,1.000000,0.000000]
[0.941432,-0.467317,-0.103839][0.000000,0.000000,-1.000000][0.000000,1.000000,0.000000][0.919330,-0.561668,-0.103839][0.000000,0.000000,-1.000000][0.000000,1.000000,0.000000][0.915688,-0.462955,-0.103839][0.000000,0.000000,-1.000000][0.000000,1.000000,0.000000]
[0.919330,-0.561668,-0.103839][0.000000,0.000000,-1.000000][0.000000,1.000000,0.000000][0.941432,-0.467317,-0.103839][0.000000,0.000000,-1.000000][0.000000,1.000000,0.000000][0.945074,-0.566030,-0.103839][0.000000,0.000000,-1.000000][0.000000,1.000000,0.000000]
[0.931455,-0.661817,-0.103839][0.000000,0.000000,-1.000000][0.000000,1.000000,0.000000][0.919330,-0.561668,-0.103839][0.000000,0.000000,-1.000000][0.000000,1.000000,0.000000][0.945074,-0.566030,-0.103839][0.000000,0.000000,-1.000000][0.000000,1.000000,0.000000]
[0.919330,-0.561668,-0.103839][0.000000,0.000000,-1.000000][0.000000,1.000000,0.000000][0.931455,-0.661817,-0.103839][0.000000,0.000000,-1.000000][0.000000,1.000000,0.000000][0.905711,-0.657455,-0.103839][0.000000,0.000000,-1.000000][0.000000,1.000000,0.000000]
[0.900573,-0.754680,-0.103839][0.000000,0.000000,-1.000000][0.000000,1.000000,0.000000][0.905711,-0.657455,-0.103839][0.000000,0.000000,-1.000000][0.000000,1.000000,0.000000][0.931455,-0.661817,-0.103839][0.000000,0.000000,-1.000000][0.000000,1.000000,0.000000]
[0.905711,-0.657455,-0.103839][0.000000,0.000000,-1.000000][0.000000,1.000000,0.000000][0.900573,-0.754680,-0.103839][0.000000,0.000000,-1.000000][0.000000,1.000000,0.000000][0.874829,-0.750318,-0.103839][0.000000,0.000000,-1.000000][0.000000,1.000000,0.000000]
[0.863331,-0.834554,-0.103839][0.000000,0.000000,-1.000000][0.000000,1.000000,0.000000][0.874829,-0.750318,-0.103839][0.000000,0.000000,-1.000000][0.000000,1.000000,0.000000][0.900573,-0.754680,-0.103839][0.000000,0.000000,-1.000000][0.000000,1.000000,0.000000]
[0.874829,-0.750318,-0.103839][0.000000,0.000000,-1.000000][0.000000,1.000000,0.000000][0.863331,-0.834554,-0.103839][0.000000,0.000000,-1.000000][0.000000,1.000000,0.000000][0.837588,-0.830192,-0.103839][0.000000,0.000000,-1.000000][0.000000,1.000000,0.000000]
[1.022752,-0.394911,-0.103839][0.988867,0.148799,0.000000][0.000000,1.000000,0.000000][1.022752,-0.394911,0.103839][0.988867,0.148799,0.000000][0.000000,1.000000,0.000000][1.036062,-0.483352,-0.103839][0.995669,0.092966,0.000000][0.000000,1.000000,0.000000]
[1.036062,-0.483352,-0.103839][0.995669,0.092966,0.000000][0.000000,1.000000,0.000000][1.022752,-0.394911,0.103839][0.988867,0.148799,0.000000][0.000000,1.000000,0.000000][1.036062,-0.483352,0.103839][0.995669,0.092966,0.000000][0.000000,1.000000,0.000000]
[1.036062,-0.483352,0.103839][0.995669,0.092966,0.000000][0.000000,1.000000,0.000000][1.039705,-0.582065,-0.103839][0.998645,-0.052043,0.000000][0.000000,1.000000,0.000000][1.036062,-0.483352,-0.103839][0.995669,0.092966,0.000000][0.000000,1.000000,0.000000]
[1.039705,-0.582065,-0.103839][0.998645,-0.052043,0.000000][0.000000,1.000000,0.000000][1.036062,-0.483352,0.103839][0.995669,0.092966,0.000000][0.000000,1.000000,0.000000][1.039705,-0.582065,0.103839][0.998645,-0.052043,0.000000][0.000000,1.000000,0.000000]
[1.039705,-0.582065,-0.103839][0.998645,-0.052043,0.000000][0.000000,1.000000,0.000000][1.039705,-0.582065,0.103839][0.998645,-0.052043,0.000000][0.000000,1.000000,0.000000][1.026085,-0.677852,-0.103839][0.973478,-0.228779,0.000000][0.000000,1.000000,0.000000]
[1.026085,-0.677852,-0.103839][0.973478,-0.228779,0.000000][0.000000,1.000000,0.000000][1.039705,-0.582065,0.103839][0.998645,-0.052043,0.000000][0.000000,1.000000,0.000000][1.026085,-0.677852,0.103839][0.973478,-0.228779,0.000000][0.000000,1.000000,0.000000]
[1.026085,-0.677852,-0.103839][0.973478,-0.228779,0.000000][0.000000,1.000000,0.000000][1.026085,-0.677852,0.103839][0.973478,-0.228779,0.000000][0.000000,1.000000,0.000000][0.995203,-0.770715,-0.103839][0.929229,-0.369504,0.000000][0.000000,1.000000,0.000000]
[0.995203,-0.770715,-0.103839][0.929229,-0.369504,0.000000][0.000000,1.000000,0.000000][1.026085,-0.677852,0.103839][0.973478,-0.228779,0.000000][0.000000,1.000000,0.000000][0.995203,-0.770715,0.103839][0.929229,-0.369504,0.000000][0.000000,1.000000,0.000000]
[0.995203,-0.770715,0.103839][0.929229,-0.369504,0.000000][0.000000,1.000000,0.000000][0.957961,-0.850590,-0.103839][0.906333,-0.422564,0.000000][0.000000,1.000000,0.000000][0.995203,-0.770715,-0.103839][0.929229,-0.369504,0.000000][0.000000,1.000000,0.000000]
[0.957961,-0.850590,-0.103839][0.906333,-0.422564,0.000000][0.000000,1.000000,0.000000][0.995203,-0.770715,0.103839][0.929229,-0.369504,0.000000][0.000000,1.000000,0.000000][0.957961,-0.850590,0.103839][0.906333,-0.422564,0.000000][0.000000,1.000000,0.000000]
[1.010319,-0.478990,-0.103839][-0.995669,-0.092966,0.000000][0.000000,1.000000,0.000000][1.010319,-0.478990,0.103839][-0.995669,-0.092966,0.000000][0.000000,1.000000,0.000000][0.997009,-0.390549,-0.103839][-0.988867,-0.148799,0.000000][0.000000,1.000000,0.000000]
[0.997009,-0.390549,-0.103839][-0.988867,-0.148799,0.000000][0.000000,1.000000,0.000000][1.010319,-0.478990,0.103839][-0.995669,-0.092966,0.000000][0.000000,1.000000,0.000000][0.997009,-0.390549,0.103839][-0.988867,-0.148799,0.000000][0.000000,1.000000,0.000000]
[1.010319,-0.478990,-0.103839][-0.995669,-0.092966,0.000000][0.000000,1.000000,0.000000][1.013961,-0.577703,0.103839][-0.998645,0.052043,0.000000][0.000000,1.000000,0.000000][1.010319,-0.478990,0.103839][-0.995669,-0.092966,0.000000][0.000000,1.000000,0.000000]
[1.013961,-0.577703,-0.103839][-0.998645,0.052043,0.000000][0.000000,1.000000,0.000000][1.013961,-0.577703,0.103839][-0.998645,0.052043,0.000000][0.000000,1.000000,0.000000][1.010319,-0.478990,-0.103839][-0.995669,-0.092966,0.000000][0.000000,1.000000,0.000000]
[1.013961,-0.577703,-0.103839][-0.998645,0.052043,0.000000][0.000000,1.000000,0.000000][1.000341,-0.673490,0.103839][-0.973478,0.228779,0.000000][0.000000,1.000000,0.000000][1.013961,-0.577703,0.103839][-0.998645,0.052043,0.000000][0.000000,1.000000,0.000000]
[1.000341,-0.673490,-0.103839][-0.973478,0.228779,0.000000][0.000000,1.000000,0.000000][1.000341,-0.673490,0.103839][-0.973478,0.228779,0.000000][0.000000,1.000000,0.000000][1.013961,-0.577703,-0.103839][-0.998645,0.052043,0.000000][0.000000,1.000000,0.000000]
[1.000341,-0.673490,-0.103839][-0.973478,0.228779,0.000000][0.000000,1.000000,0.000000][0.969460,-0.766353,0.103839][-0.929229,0.369504,0.000000][0.000000,1.000000,0.000000][1.000341,-0.673490,0.103839][-0.973478,0.228779,0.000000][0.000000,1.000000,0.000000]
[0.969460,-0.766353,-0.103839][-0.929229,0.369504,0.000000][0.000000,1.000000,0.000000][0.969460,-0.766353,0.103839][-0.929229,0.369504,0.000000][0.000000,1.000000,0.000000][1.000341,-0.673490,-0.103839][-0.973478,0.228779,0.000000][0.000000,1.000000,0.000000]
[0.969460,-0.766353,-0.103839][-0.929229,0.369504,0.000000][0.000000,1.000000,0.000000][0.932218,-0.846227,0.103839][-0.906333,0.422564,0.000000][0.000000,1.000000,0.000000][0.969460,-0.766353,0.103839][-0.929229,0.369504,0.000000][0.000000,1.000000,0.000000]
[0.932218,-0.846227,-0.103839][-0.906333,0.422564,0.000000][0.000000,1.000000,0.000000][0.932218,-0.846227,0.103839][-0.906333,0.422564,0.000000][0.000000,1.000000,0.000000][0.969460,-0.766353,-0.103839][-0.929229,0.369504,0.000000][0.000000,1.000000,0.000000]
[0.928121,-0.378876,0.103839][0.988867,0.148799,0.000000][0.000000,1.000000,0.000000][0.941432,-0.467317,-0.103839][0.995669,0.092966,0.000000][0.000000,1.000000,0.000000][0.928121,-0.378876,-0.103839][0.988867,0.148799,0.000000][0.000000,1.000000,0.000000]
[0.941432,-0.467317,-0.103839][0.995669,0.092966,0.000000][0.000000,1.000000,0.000000][0.928121,-0.378876,0.103839][0.988867,0.148799,0.000000][0.000000,1.000000,0.000000][0.941432,-0.467317,0.103839][0.995669,0.092966,0.000000][0.000000,1.000000,0.000000]
[0.941432,-0.467317,-0.103839][0.995669,0.092966,0.000000][0.000000,1.000000,0.000000][0.941432,-0.467317,0.103839][0.995669,0.092966,0.000000][0.000000,1.000000,0.000000][0.945074,-0.566030,-0.103839][0.998645,-0.052043,0.000000][0.000000,1.000000,0.000000]
[0.945074,-0.566030,-0.103839][0.998645,-0.052043,0.000000][0.000000,1.000000,0.000000][0.941432,-0.467317,0.103839][0.995669,0.092966,0.000000][0.000000,1.000000,0.000000][0.945074,-0.566030,0.103839][0.998645,-0.052043,0.000000][0.000000,1.000000,0.000000]
[0.945074,-0.566030,-0.103839][0.998645,-0.052043,0.000000][0.000000,1.000000,0.000000][0.945074,-0.566030,0.103839][0.998645,-0.052043,0.000000][0.000000,1.000000,0.000000][0.931455,-0.661817,-0.103839][0.973478,-0.228779,0.000000][0.000000,1.000000,0.000000]
[0.931455,-0.661817,-0.103839][0.973478,-0.228779,0.000000][0.000000,1.000000,0.000000][0.945074,-0.566030,0.103839][0.998645,-0.052043,0.000000][0.000000,1.000000,0.000000][0.931455,-0.661817,0.103839][0.973478,-0.228779,0.000000][0.000000,1.000000,0.000000]
[0.931455,-0.661817,-0.103839][0.973478,-0.228779,0.000000][0.000000,1.000000,0.000000][0.931455,-0.661817,0.103839][0.973478,-0.228779,0.000000][0.000000,1.000000,0.000000][0.900573,-0.754680,-0.103839][0.929229,-0.369504,0.000000][0.000000,1.000000,0.000000]
[0.900573,-0.754680,-0.103839][0.929229,-0.369504,0.000000][0.000000,1.000000,0.000000][0.931455,-0.661817,0.103839][0.973478,-0.228779,0.000000][0.000000,1.000000,0.000000][0.900573,-0.754680,0.103839][0.929229,-0.369504,0.000000][0.000000,1.000000,0.000000]
[0.900573,-0.754680,-0.103839][0.929229,-0.369504,0.000000][0.000000,1.000000,0.000000][0.900573,-0.754680,0.103839][0.929229,-0.369504,0.000000][0.000000,1.000000,0.000000][0.863331,-0.834554,-0.103839][0.906333,-0.422564,0.000000][0.000000,1.000000,0.000000]
[0.863331,-0.834554,-0.103839][0.906333,-0.422564,0.000000][0.000000,1.000000,0.000000][0.900573,-0.754680,0.103839][0.929229,-0.369504,0.000000][0.000000,1.000000,0.000000][0.863331,-0.834554,0.103839][0.906333,-0.422564,0.000000][0.000000,1.000000,0.000000]
[1.104949,-0.495025,-0.103839][-0.995669,-0.092966,0.000000][0.000000,1.000000,0.000000][1.104949,-0.495025,0.103839][-0.995669,-0.092966,0.000000][0.000000,1.000000,0.000000][1.091639,-0.406584,-0.103839][-0.988867,-0.148799,0.000000][0.000000,1.000000,0.000000]
[1.091639,-0.406584,-0.103839][-0.988867,-0.148799,0.000000][0.000000,1.000000,0.000000][1.104949,-0.495025,0.103839][-0.995669,-0.092966,0.000000][0.000000,1.000000,0.000000][1.091639,-0.406584,0.103839][-0.988867,-0.148799,0.000000][0.000000,1.000000,0.000000]
[1.104949,-0.495025,-0.103839][-0.995669,-0.092966,0.000000][0.000000,1.000000,0.000000][1.108591,-0.593738,0.103839][-0.998645,0.052043,0.000000][0.000000,1.000000,0.000000][1.104949,-0.495025,0.103839][-0.995669,-0.092966,0.000000][0.000000,1.000000,0.000000]
[1.108591,-0.593738,-0.103839][-0.998645,0.052043,0.000000][0.000000,1.000000,0.000000][1.108591,-0.593738,0.103839][-0.998645,0.052043,0.000000][0.000000,1.000000,0.000000][1.104949,-0.495025,-0.103839][-0.995669,-0.092966,0.000000][0.000000,1.000000,0.000000]
[1.108591,-0.593738,-0.103839][-0.998645,0.052043,0.000000][0.000000,1.000000,0.000000][1.094971,-0.689525,0.103839][-0.973478,0.228779,0.000000][0.000000,1.000000,0.000000][1.108591,-0.593738,0.103839][-0.998645,0.052043,0.000000][0.000000,1.000000,0.000000]
[1.094971,-0.689525,-0.103839][-0.973478,0.228779,0.000000][0.000000,1.000000,0.000000][1.094971,-0.689525,0.103839][-0.973478,0.228779,0.000000][0.000000,1.000000,0.000000][1.108591,-0.593738,-0.103839][-0.998645,0.052043,0.000000][0.000000,1.000000,0.000000]
[1.094971,-0.689525,-0.103839][-0.973478,0.228779,0.000000][0.000000,1.000000,0.000000][1.064090,-0.782388,0.103839][-0.929229,0.369504,0.000000][0.000000,1.000000,0.000000][1.094971,-0.689525,0.103839][-0.973478,0.228779,0.000000][0.000000,1.000000,0.000000]
[1.064090,-0.782388,-0.103839][-0.929229,0.369504,0.000000][0.000000,1.000000,0.000000][1.064090,-0.782388,0.103839][-0.929229,0.369504,0.000000][0.000000,1.000000,0.000000][1.094971,-0.689525,-0.103839][-0.973478,0.228779,0.000000][0.000000,1.000000,0.000000]
[1.064090,-0.782388,-0.103839][-0.929229,0.369504,0.000000][0.000000,1.000000,0.000000][1.026848,-0.862262,0.103839][-0.906333,0.422564,0.000000][0.000000,1.000000,0.000000][1.064090,-0.782388,0.103839][-0.929229,0.369504,0.000000][0.000000,1.000000,0.000000]
[1.026848,-0.862262,-0.103839][-0.906333,0.422564,0.000000][0.000000,1.000000,0.000000][1.026848,-0.862262,0.103839][-0.906333,0.422564,0.000000][0.000000,1.000000,0.000000][1.064090,-0.782388,-0.103839][-0.929229,0.369504,0.000000][0.000000,1.000000,0.000000]
